景点中文名称, 景点英文名称, 排名, 评价
黄鹤楼,Yellow Crane Tower,1,武汉的城市地标之一，登上楼顶远眺，武汉三镇和长江尽收眼底。

武汉海昌极地海洋公园,Wuhan Haichang Polar Ocean World,1,观赏企鹅、北极熊等极地动物，还有海豚、海狮的精彩表演。

木兰草原,Mulan Grassland,26,在草原上骑马射箭，观赏蒙古歌舞，夜晚还有蒙古包前的篝火晚会。

木兰清凉寨,Mulan Qingliang Village,209,春赏花，夏观瀑，秋踩叶，冬踏雪，一年四季空气清新。

东湖,East Lake,7,湖边漫步，林中游山，赏花观鸟，是市民休闲踏青的好去处。

江汉路步行街,Jianghan Road Pedestrian Street,16,繁华的百年商业街，十几幢近代建筑。

锦里沟,Jinligou,52,尽情呼吸“天然氧吧”的清新空气，领略浓郁的土家风情。

湖北省博物馆,Hubei Provincial Museum,9,聆听战国编钟的美妙古乐，观赏镇馆之宝，了解中国古代南方文明。

户部巷,Hubu Lane,5,这里有武汉的各种美食小吃，热干面、糊汤粉、豆皮、鸭脖子等

武汉大学,Wuhan University,3,初春时节的浪漫樱花，还有众多中西合璧的老建筑。

涨渡湖水上森林,Zhangduhu Water Forest,没有排名,

古德寺,Gude Temple,13,拥有四面佛的寺庙，充满异域风情的圆通宝殿值得一看。

汉口江滩,Hankou Riverbank,33,吹江风，观赏十几幢不同风格的百年老建筑。

九真山风景区,Jiuzhen Mountain Scenic Area,102,

昙华林,Tan Hualin,2,文青们扎堆的地方，有很多百年老建筑和洋溢着文艺范的小店。

世界城-光谷步行街,World City - Valley of Light Pedestrian Street,15,人气超旺的商业街，时尚的欧式建筑群，众多的购物和餐饮场所。

武汉科技馆,Wuhan Science and Technology Museum,678,亲身参与各种模拟体验项目，带孩子来感受新科技乐趣，开拓视野。

楚河汉街,Chuhehan Street,480,武汉新城市地标，游逛现代版“清明上河图”。

晴川阁,Qingchuan Pavilion,12,濒临长江，登上楼顶，遥看武汉三镇和长江对岸的黄鹤楼。

武汉长江大桥,Wuhan Yangtze River Bridge,4,武汉的地标性建筑，充满了厚实的俄式风格。

姚家山风景区,Yaojia Mountain Scenic Spot,691,

武汉动物园,Wuhan Zoo,50,动物园内绿树成荫，环境优雅，是亲自休闲的好去处。

木兰天池,Mulan Tianchi,23,花木兰的外婆家，避暑休闲的好地方，坐游船，玩滑草，吃农家菜。

武汉园博园（武汉自然博物馆）,Wuhan Garden Expo Park,28,不用出武汉，就能游遍全国各地园林风光。

木兰山,Mt. Mulan Scenic Resort,49,花木兰的故里，市民避暑的后花园，秋季的庙会很是热闹。

归元禅寺,Guiyuan Temple,14,平日求平安，可去罗汉堂数数罗汉，看看时运。

武汉东湖海洋世界,Wuhan East Lake Ocean World,19,漫步海底隧道，和水母、海龟、鲨鱼等上千种海洋生物打招呼，亲子游好去处。

汉口里,Hankouli,27,

万国公园,Wanguo Park,681,

东湖磨山景区,Moshan Hill,41,赏樱花的好地方，游人不多，但花的品种和规模远超过武汉大学。

虎泉夜市美食广场,Huquan Night Fair Food Court,134,

江夏灵山生态文化旅游区,,没有排名,

野村谷景区,Nomura Valley parent child Park,没有排名,

黎黄陂路,Lihuangpi Road,10,

梁子湖风景区,Liangzihu Scenic Area,没有排名,

保成路夜市,Baocheng Road Night Fair,9,

九峰森林动物园,Jiufeng Forest Zoo,660,与羊驼、鸵鸟、孔雀等各种动物亲密接触，欣赏动物明星们精彩绝伦的才艺表演。

辛亥革命武昌起义纪念馆,The Museum of Wuchang Uprising of 1911 Revolution,20,这里是中国两千年帝制的终点，武昌起义后军政府的所在地。

吉庆街,Jiqing Street,60,知名的夜宵排挡街，有很多民间艺人在这里表演，满满的武汉特色。

汉阳造艺术区,Hanyangzao Art District,131,工厂改建的创意园区，洋溢着旧工业时代的气息。

粮道街,Liangdao Street,没有排名,

青龙山森林公园,Jiangxia Qinglongshan National Forest Park,58,

奇趣蛋壳公园,Growth Park,没有排名,

栖沚里,,没有排名,

东湖海洋乐园飞鸟世界,East Lake Ocean Amusement Park Flying Bird World,没有排名,

木兰云雾山,Mulan Yunwu Mountain,21,武汉人气郊野公园，每年3-5月漫山遍野杜鹃花盛放，是春游踏青的好地方。

八分山,,没有排名,

江汉关博物馆,Hankow Custom House Museum,43,近百年的建筑，是武汉市的地标之一，它的建成标志着汉口的开埠。

白云洞,Baiyun Cave,61,

武汉博物馆,Wuhan Museum,66,藏品丰富，种类繁多，在这里了解武汉数千年的历史发展。

花博汇,Huabohui,164,

东湖沙滩景区,"Yihai Bathing Beach, East Lake",657,

二妃生物公园西苑,Erfei Biology Park Xiyuan （Northeast Gate）,没有排名,

碧潭观鱼,Viewing Fish at Green Pool,188,

龙泉山风景区,Longquan Mountain Scenic Area,79,

汉正街,Hanzheng Street,6,历史上的汉口商业中心，未来的国际金融服务中心。

zoolung zoolung嘟噜嘟噜动物科普中心（壹方动物园）,,没有排名,不仅可以亲密接触，还可以喂食呢

月亮湖郊野公园,Yuelianghu Jiaoye Park,没有排名,

梅店水库,Mei Shop Reservoir,没有排名,

武汉欢乐谷-电动代步车,Wuhan Happy Valley - Electric Scooter,没有排名,

古田桥,Gutian Bridge,没有排名,

DE未来港,,没有排名,

武汉植物园,Wuhan Botanical Garden,34,园中草木茂盛，四季花展不断，还有日式、欧式和中式等各类园林。

东湖樱花园,East Lake Cherry Blossom Garden,175,武汉赏樱好去处，每年3-4月花期东湖樱花节期间十分热闹。

木兰花乡,Magnolia Flower Village,293,

大余湾,Dayu Bay,261,

东湖落雁景区,Donghu Luoyan Scenic Area,184,

木兰水镇,Mulan Watertown,没有排名,

封都山,Fengdu Mountain,没有排名,

大成路夜市,Dacheng Road Night Market,34,

古琴台,Guqintai,73,古琴曲《高山流水》的发源地，“三楚胜境”之一，小巧精致。

黄陂木兰文化生态旅游区,Huangpi Magnolia Culture Ecotourism District,169,这里大武汉的后花园，森林密布湖水清澈，是游山避暑的好地方。

东湖听涛景区,Tingtao Scenic Area,671,

九峰国家森林公园,Jiufeng National Forest Park,202,

武汉美术馆,WuhanArt Museum,358,

东湖南路凌波门,"Lingbo Gate, Donghu South Road",152,

梁子湖沙滩浴场,,603,

紫薇都市田园,Crape Mytle Garden,696,

梵高星空艺术馆,Van Gogh Star Art Gallery,37,

沙湖公园,Neishahu Park,619,

湖北美术馆,Hubei Museum of Art,193,美术爱好者的天堂，看展才是正经事。

安山国家湿地公园,,没有排名,

汉阳江滩,Hanyang Marshland Amusement Park,294,

野人谷漂流,Yerengu Drifting,没有排名,惊心动魄渔光漂流

东湖之眼摩天轮,The East Lake Eye Ferris Wheel,没有排名,

武汉杜莎夫人蜡像馆,Madame Tussauds Wax Museum Wuhan,5,源于英国的蜡像馆，蜡像造型逼真，可以与范冰冰、刘亦菲、李娜等各界名人“亲密合影”。

八路军武汉办事处旧址纪念馆,Balujun Wuhan Office Former Site Memorial Hall,197,

中国地质大学逸夫博物馆,China University of Geosciences Museum,225,

东湖杉美术馆,Donghushan Gallery,没有排名,

武汉园博园-东广场,Wuhan Yuanboyuan-Dong Square,没有排名,

篝火广场,Gouhuo Square,没有排名,

武汉国际博览中心,Wuhan International Expo Center,314,

木兰天池休闲度假区,,380,木兰天池度假酒店环山而建，功能齐全，提供四星标准住宿，同时拥有面积30余亩的别墅群及坐落山林间的森林小木屋。

良友红坊文化艺术社区,,没有排名,

得胜桥,Desheng Bridge,375,

意大利风情街,Yidali Fengqing Street,6,

黑暗骑乘--梦幻长江,,672,长江文明馆力图展现最全面的长江流域文化，将当代最时兴的黑暗骑乘体验项目纳入规划中择名为《梦幻长江》，项目主人翁“淇淇”形象取自于生活在长江的可爱江豚。整个游览项目将由淇淇一家带领观众穿梭长江之景，体验长江之美。

木兰玫瑰园,Mulan Rose Garden,692,

宝通禅寺,Baotong Temple,97,

武昌城,,179,中国近代史上的许多革命运动和重大事件都在武昌城上留下踪迹

刘少奇故居,Liushaoqi Former Residence,221,

长江荣耀游船,,没有排名,

汉口镇戏码头,,没有排名,

中国建筑科技馆,China Architecture Science And Technology Museum,没有排名,

院基寺水库,Yard Jisi Reservoir,没有排名,

府河湿地,Fuhe Wetland,没有排名,

外婆桥（木兰天池景区）,Grandma Bridge (Mulan Tianchi Scenic Area),没有排名,

二七长江大桥,Er’qi Yangtze River Bridge,没有排名,

白云阁,Baiyunge,没有排名,

天兴洲,Tianxing Sandbar,没有排名,

张之洞与武汉博物馆,Zhang Zhidong and Wuhan Museum,没有排名,

平和打包厂旧址,Pinghe Packaging Factory Former Site,没有排名,

木兰天池跨山玻璃天桥,,29,木兰天池跨山玻璃天桥是华中唯一吊式跨山玻璃天桥长度168米，高度88米。

香草花田,Vanilla Flower Field,446,

中共五大会址纪念馆,CPC Fifth Congress Memorial,64,

龟山风景区,Guishan Park,62,

问津书院,,没有排名,

东湖海洋乐园,,没有排名,

小朱湾,Xiaozhuwan Village,没有排名,

武昌红巷码头,Wuchang Hongxiang Tourism Wharf,304,

金龙水寨生态乐园,Jinlongshuizhai Ecology Amusement Park,703,

辛亥革命博物馆,Xinhai Revolution Museum,39,了解辛亥革命的历史，学习革命先辈的精神。

楚天台,Chutiantai Building,180,

武汉梨园景区,,122,一年四季，繁花不断，沁人心脾。

大禹神话园,Dayu Shenhua Park,182,

八七会议会址,"Baqi"" Conference Site",213,

中山舰博物馆,Zhongshan Warship Museum,124,

木兰湖,Mulan Lake,229,

酒醉湖,,273,原名百花湖。此地在武汉海拔最高、纬度最北、温差最大、空气最新、区间最静、山林最古、湖水最绿、野趣最浓、民风最淳。

景德寺,,没有排名,

漳河风景区,,没有排名,

新华农庄,,没有排名,

汉江,,没有排名,

梁子湖薰衣草牧场,,没有排名,

青山江滩,,没有排名,

武汉汉正街博物馆,Wuhanhanzheng Street Museum,没有排名,

武汉市江夏区博物馆,Wuhanshi Jiangxiaqu Museum,没有排名,

盘龙城遗址博物院,Panlong City Ruins Museum,没有排名,

武汉东湖梅花博物馆,Wuhan Donghu Meihua Museum,没有排名,

花朝河湾,Huachaohewan Scenic Area,没有排名,

武汉新洲区科技馆,XinZhouQu KeJiGuan,没有排名,

吴家山公园,Wujia Mountain,没有排名,

汉口近代建筑群汉口水塔,Hankou Water Tower,没有排名,

徐东商业街,Xudong Commercial Street,没有排名,

龙灵山生态公园,Longling Mountain Ecology Park,没有排名,

武汉天地,Wuhan Tiandi Plaza,没有排名,武汉商业新地标，遍布时尚餐厅和文艺小店，城市达人的聚集地。

七彩螺,,没有排名,

盘龙古城遗址,Panlonggucheng Ruins,没有排名,

茶艺博览园,Tea Art Expo Park,没有排名,

游乐设施区,,没有排名,

铜锣湾休闲佰惠广场,Tongluowan Xiuxian Baihui Square,没有排名,

歆宝贝乐园,,没有排名,

武汉华中科技大学武昌分校艺术设计学院展览厅,HuaZhong KeJi DaXue WuChang FenXiao YiShuSheJi XueYuan ZhanLanTing,没有排名,

巴公房子,Bagong House,没有排名,

楚天181文化创意产业园,Chutian 181 Originality Park,290,

柏泉古井度假村,Baiquan Ancient Well,112,

汉口粤汉码头,Hankou Yuehan Wharf,305,

鹦鹉洲长江大桥,Yingwuzhou Yangtze River Bridge,330,

花楼街,Hualou Street,340,

苍柏园,Sturdy Cypress Garden,348,

落雁岛,The Luoyan Island,310,

紫薇苑,,392,紫薇是黄鹤楼公园园花，紫薇苑以紫薇观赏为特色

落梅轩,,397,位于黄鹤楼东南 300 米处。该轩长约 50 米，宽 15.5 米，高 17 米，建筑面积 1750 平方米。“落梅轩”之名，源于唐代大诗人李白著名诗句“黄鹤楼中吹玉笛，江城五月落梅花”。古色古香的外观与景区内的黄鹤楼、白云阁等相映成趣。

鲲鹏广场,,399,

马鞍山森林公园,Ma'anshan Forest Park,160,

403国际艺术中心,403 Art District,72,

武汉木兰叮当蝴蝶谷,Mulan Dingdang Butterfly Valley,411,

江汉大学,,420,江汉大学是经中国教育部批准，由原江汉大学、华中理工大学汉口分校、武汉职工医学院、武汉教育学院等高校合并组建的一所公立的综合性普通高等学校。

银河汇冰雕城,,506,武汉银河汇冰雕城项目位于武汉市汉阳区城市主干道—龙阳大道和四新大道交叉口，距离三环线（武汉最快速和通畅的市区环线通道）仅为1公里，与正在建设中的二环线相距3公里，“汉阳客运中心”隔路相望，武汉的机场、火车站、汽车客运站、武广中心、汉…

松鼠乐园,Squirrel Paradise,508,

解放公园,Jiefang Park,666,

汉绣博物馆,,679,位于汉阳区江欣苑社区的武汉汉绣博物馆一期（当前开放）面积达1000平米，展示了包括《九头鸟》、《古黄鹤楼》在内的多幅汉绣精品。据了解，整个博物馆最终建筑面积将达5000平米，包括历史馆、名人馆、陈列馆、实景馆和体验区等。

天寨沟漂流,Tianzhaigou Drifting,695,

东西湖郁金香主题公园,Dongxihu Tulip Theme Park,699,

武汉达临性学博物馆,Dalin Museum for Sexology,55,

普罗旺斯薰衣草庄园,Puluowangsi Xunyicao Manor,14,

华中科技大学,Huazhong Science and Technology University,121,校园内树木茂盛，还能秋季赏红叶，处处都散发着青春的气息。

张公山寨,Zhanggong Shanzhai,240,

张之洞体育公园,,没有排名,

扁担列村,Biandanlie Village,没有排名,

武汉动物王国,,没有排名,

嘟噜嘟噜萌宠科普主题乐园,zoolungzoolung,没有排名,

欢乐广场,Huanle Square,没有排名,

欢乐儿童游乐园,,没有排名,

柏泉农场,Wuhan State-owned Baiquan Farm,279,

华侨城生态艺术公园,Huaqiaocheng Ecology Art Park,313,

柏泉天主堂,Baiquan Catholic Church,404,

观音寺,,566,

蛇山,Sheshan Mountain,45,

异国风情园,Exotic Garden,238,

春秋阁,Spring and Autumn Pagodas,没有排名,

东湖梅园,East Lake Plum blossom Garden,18,

珞珈山,Luojia Mountain,44,

武汉国民政府旧址,The Former Site of the Wuhan National Government,35,曾经作为武汉国民政府的办公地点，历史意义深刻。

民众乐园,,123,是一个娱乐、商业兼备的综合性游乐场所

洪山公园,Hongshan Park,176,

京汉铁路总工会旧址,Jinghan Railway General Labour Union Former Site,177,

听涛轩,Tingtaoxuan,178,

首义广场,Shouyi Square,90,

起义门,Uprising Gate,85,

华中师范大学,Huazhong Normal University,51,

中央农民运动讲习所,,181,位于武昌红巷13号，为湖北省文物保护单位。这里原是清末湖广总督张之洞举办的北路学堂，后改为湖北省甲种商业学校、湖北省高等商业学校占地面积约11000平方米，建筑面积为6350平方米。随着北伐的胜利进军，国民政府于1927年1月从广州迁到武汉，作为…

东湖楚城,"Chu City, East Lake",83,

毛泽东同志旧居,Mao Zedong's Former Residence (Wu Han),25,参观伟人在武汉居住过的地方，追寻伟人的足迹。

龙王庙公园,,104,武汉市龙王庙公园始建于上世纪六十年代，其前身为武汉市江汉公园，公园坐落于两江四岸交汇的龙王庙遗址旁。

辛亥革命烈士公墓,,183,在武汉市汉口球场路、利济北路和汉阳扁担山等处。辛亥革命阳夏保卫战中，起义军阵亡将士4200人，当时由红十字会就地集中稍事掩埋，分布于汉口、汉阳，共有29处。解放后仅存4处，后合并为3处。一为球场路烈士公墓，俗称“六大堆”，单洞烈士公墓迁此…

观鱼台,,185,在东湖屈原纪念馆北侧虎岭东麓湖中。以放养观赏鱼类、供人游览而名。为东湖主要名胜之一。其上6座亭阁式建筑，皆琉璃瓦顶，朱红楹柱，飞檐翘角，十分精美。台阶、栏杆、廊道、水池及其他各种设置，或端丽、或舒展、或古雅，均颇宜人。建筑群以回旋…

汉阳城,,186,在汉阳区内。唐武德四年（621），汉阳城在东汉末年所筑鲁山城的基础上扩建。城周围3.54公里。有八个城门：东名迎春，南名沙洲，西名孝感，北名汉广，东南名朝天，西南名汉南，东北名庆贺，西北名下议．此城“东南枕大江，北控月湖”，包容风栖山（…

卓刀泉,Zhuodao Spring,187,

华中农业大学,,189,中国武汉著名的七校联合办学高校之一

长春观,Changchun Guan,190,名字来源于“长春子”丘处机道长的道号。

洞庭街,Dongting Street,191,

湖光阁,Huguang Pavilion,192,

先月亭,Xianyue Pavilion,194,

磨山友谊林,Moshan Friendship Forest,195,

长江书店旧址,Changjiang Bookstore Site,196,

落霞水榭,Luoxia Shuixie Marina Ticket Office,198,

防洪纪念碑,Flood Protection Monument,199,

墨水湖,Moshui Lake,125,

鲁迅广场,Luxun Square,201,

武汉革命博物馆,Wuhan Revolution Museum,76,

行吟阁,Hangyin Pavilion,203,

北伐军官兵公墓,,204,在洪山东段南麓。是1926年北伐军攻武昌城牺牲的北伐军第四军独立团第一营营长、攻城敢死队长曹渊等191位烈士的埋骨处。原在山之东南，后迁于此。墓为长方形，砖石砌筑，墓前正中嵌有当年所立墓碑，碑额镌“精神不死”四个大字，中刻“国民革命军第…

长天楼,Changtian Building,205,

离骚碑,Lisao Monument,206,

中国地质大学,Zhongguodizhi University,207,

双凤亭,Shuangfeng Pavilion,208,

莲溪寺,Lianxi Temple,114,

濒湖画廊,Binhu Gallery,210,

鸟语林,World of Birds,211,

詹天佑故居,Zhantianyou's Former Residence,212,

北海近代建筑,,65,1876年中英《烟台条约》签订后，北海被列为对外通商口岸。先后有英国、德国、奥匈帝国、法国、意大利、葡萄牙、美国、比利时等八个国家在北海设立领事馆和商务机构，同时建造了欧式风格的楼宇，包括教堂、医院、海关、洋行、修女院、育婴堂、学校等…

文华书店,,214,

金银湖国家城市湿地公园,Jinyin Lake Wetland Park,89,

红钢城街图书馆,,218,

武汉理工大学（马房山校区）,Wuhan University of Technology,219,武汉理工大学马房山校区由原武汉工业大学、武汉汽车工业大学构成，分为东院、西院、鉴湖、南湖新校区。

可竹轩,Kezhu Pavilion,220,

道观河风景区,Taoist River Scenic Area,74,

石榴红村,Shiliuhong Village,91,

中南民族大学,Zhongnanminzu University,71,

武汉大好河山休闲旅游区,Wuhan Dahaoheshan Leisure Tourist Area,222,

屈原纪念馆,Quyuan Memorial Hall,223,

拜将台,,224,在阅马厂南端。1911年10月辛亥革命武昌起义后，清王朝调动大军，南下武汉，当时，中国同盟会领导人之一的黄兴，由沪来鄂，主持军事，革命军政府遂于11月3日任其为战时总司令，在此筑台授印，因名拜将台。原台系临时搭建，1928年正式建亭立碑，以作…

九女墩,Nine Women Pier,226,

六一惨案遗址,,127,在武昌珞珈山武汉大学校园内。1947年，在中国共产党领导下，反饥饿、反内战、反迫害的学生运动遍及国民党统治区。以武汉大学为中心的学潮成为这次学运的重要组成部分。6月1日凌晨3时，武汉当局调集全副美式装备的军、警、宪、特1000余人突然闯人武…

鹦鹉洲,,126,原在武汉市武昌城外江中。相传由东汉末年弥衡在黄祖的长子黄射大会宾客时，即席挥笔写就一篇“锵锵戛金玉，句句欲飞鸣”的《鹦鹉赋》而得名。后弥衡被黄祖杀害，亦葬于洲上。历代不少名人，“藏船鹦鹉之洲”纵观大江景色，留下了很多诗篇，唐崔颢“…

武汉民族文化村,,107,武汉民族文化村坐落在秀丽的江夏区汤逊湖畔(中南民族学院前五公里处）。是湖北省第一家中日合资兴建的主题公园。

中华全国总工会旧址,,227,在汉口友益街16号。旧址占地面积1500平方米，为两幢西式楼房，坐北向南，砖混结构，右楼为3层，左楼为2层，占地面积分别为340平方米和450平方米。右楼原系军阀吴佩孚部将陈汉卿私宅，1926年9月北伐军攻占汉口后被国民政府没收；左楼原为汉口药业资…

二七烈士纪念碑,Er Qi Martyr Monument,228,

朱碑亭,Zhubei Pavilion,230,

武汉长江隧道,,231,武汉长江隧道连通长江两岸中心城区，位于武汉长江大桥、长江二桥之间。

寓言园,Fable Garden,232,

盆景园,,233,它既有江南园林的精巧，又略具皇家园林的大方，园中套园，园外有园，馆、榭、亭、台之间，被花墙回廊、流水蹊径巧妙地连接，似通又隔，似隔又通，回环聚散，自成体系。

祝融观星,,234,楚天台背后、磨山之巅矗立的一尊气宇轩昂的楚人公认的远祖祝融的铁像。高5.5米、重6.5吨，基座1.5米，下为九级圆形平台，平台铺石。以白麻石形成八方星座，镶嵌在青石之中，周围石栏有28个石墩，分别为东、南、西、北各七宿，以划四方，定四季。雕…

木兰古门,Mulan Ancient Gate,235,

珞洪景区,,236,珞洪景区是景点保护区，东湖24景中珞珈书乡（武汉大学校园）、古刹塔影就坐落在这个景区内。沿傅家坡到卓刀泉主要景点有无影塔（兴福寺塔），初建于南宋咸淳六年，塔高11.5米，底径4.25米，八角四层，仿木结构石砌建筑，每层檐下作人字拱，每层每面…

水色一天,,128,主要是指长天楼为中心的景区。长天楼为砖木水泥结构，翠瓦飞檐，形若宫殿，楼分上下两层，面阔7间。楼前广场如茵，水杉成林。

南岸嘴江滩公园,,237,两江“泾渭分明”奇观

沧浪亭,Canglang Pavilion,36,

桂花园,,239,桂花园位于磨山南坡，占地4.1公顷。景区先后从杭州西湖、湖北咸宁引种桂花上万株，主要是金桂、银桂、丹桂和四季桂。大部分桂花树高达4至5米，宛如一柄柄撑天巨伞相连，冠盖项属，茂密幽深。园中曲径通幽，山坡绵延起伏。每当秋季来临时，金风送爽…

明楚王墓,,119,明楚王墓位于湖北省武汉市江夏区龙泉镇龙泉山，是明朝(公元1368年-1644年)九位楚藩王的陵寝。

兴福寺塔,,241,"位于湖北省武汉市洪山宝通禅寺西侧 ,兴福寺塔又称无影塔，传说夏至中午时分，此塔无影，故称“无影塔”，又因它比附近灵济塔小得多，所以又称小塔。原在洪山东端山麓，1963年春移至洪山西南麓复原。"

三烈士亭,,242,位于湖北省武汉市武昌解放路南端武昌造船厂东门内（原清湖广总督署东辕门前）。系彭楚藩、刘复基、杨洪胜三烈士纪念设施。1911年（宣统三年） 10月 9日，即武昌起义前一天，因设在汉口、武昌的起义机关相继败露，党人彭、刘、杨三人被捕。在当晚的…

苏联空军志愿队烈士墓,,244,苏联空军志愿队烈士墓在武汉市汉口解放公园内。是抗日战争时期为支援中国人民而英勇献身的苏联空军志愿队15位国际主义战士的坟墓。原在中山大道陈怀民路万国公墓中，1956年迁此。左倚朝梅岭，右靠夕桂山，墓地面积1万多平方米。墓扩用花岗石砌成，…

九峰山摩崖,,245,在武汉市武昌九峰山崖上。明洪武三十年（1397年），九峰寺高僧无念禅师高徒胜学和尚在寺后崖上开龛，将朱元章御赐其师的诗文镌刻其上，是为“御制谕僧无念”石刻。龛高160厘米，宽97厘米，正书30行，计930字。正文记述了朱元璋召见无念禅师的经过。…

留云亭,Liuyun Pavilion,247,

素山寺国家森林公园,,248,有山林近万亩，稀有植物和珍禽异兽百余种，1993年批准为国家森林公园。

钟子期墓,,249,钟子期墓坐北朝南，背山面湖。山上青松葱茏，山下芳草碧翠，湖面绿波粼粼，湖畔流水潺潺，凤鸣水声，宛若琴音。春秋佳日，烟雨迷离，更有一番情趣。

中山大道,Zhongshan Avenue,103,

水生花卉园,,251,水生花卉园宛如一位清纯的少女横卧在盆景园、竹类园、蔷薇园之间，占地5.6公顷。四周林木环绕，垂柳依依，桃花环抱。湖中的两座小岛由九曲桥、芙蓉桥连结水陆，是东湖风景区最大的赏荷地。每当夏季到来之时，凉风习习，清香喷溢，正如古人诗云：“…

新华路体育馆,,252,1955年4月建成的武汉新华路体育场，与中山公园相邻，其前身为汉口体育场

长江大学（武汉校区）,,253,武汉校区三面环水，环境秀丽，景色宜人，是长江大学高水平的研发基地、高层次人才引进基地以及对外宣传与交流基地。

湖泗瓷窑址群,,255,湖泗瓷窑址群规模大、分布范围广、延续时间长，在长江中游地区的古代窑址中实不多见。该窑址的发现，填补了长期以来宋瓷研究中“湖北无瓷窑”的空白。

施洋烈士陵园,,256,在洪山西南麓。施洋（1889一1923），字伯高，竹山县人，律师。1921年参加中国劳动组合书记部工作，次年加入中国共产党。曾先后担任武汉工团联合会和京汉铁路总工会的法律顾问，为“二七”大罢工领导人之一。1923年2月7日被捕，在法庭上与敌人进行了…

宝田寺,,259,位于武昌洪山。洪山古名东山，故寺亦名东山寺。宋端平年间由湖北随州大洪山的幽济禅院迁此。经多次毁建，现寺院为同治四年重修。正中有天王殿、大雄宝殿、祖师殿、藏经楼；右为排堂；左为方丈室。再上为铁佛寺、华严洞、华严亭、法界宫。寺后有宝通…

陈潭秋故居,,260,在武昌都府堤20号（今江汉大学武昌分校内）。陈潭秋（1896-1943），中国共产党创始人之一，湖北黄冈人。1921年7月，出席中共第一次全国代表大会。1924年，任中共武汉地委书记、湖北区委委员兼组织部长。1922年秋――1923年春、1924年夏――1927年夏…

世界宝玉石博览馆,World Gems and Jades Expo Hall,262,

华泰汤孙湖旅游度假区,Tangxun Lake Tourist Resort,263,

雁栖水榭,,264,雁栖水榭座落于磨山西端湖畔，相传这里曾是芦苇浩荡、群雁栖息的地方，为召唤群雁回归而建。水榭是一座连接主厅、亭廊、水院于一体的组景。飞檐翘角，宛如水上行宫。宫内设有茶座，游人在此品茶，临波远眺，湖鸥翔集，渔舟晚唱，“落霞与孤鹭齐飞，…

武汉介子山庄,,265,武汉介子山庄位于风景秀丽的锦龙水库旁，山庄前有周恩来总理亲自视察过的锦龙水库、世界黄氏发源地——江夏黄氏宗祠、沙滩浴场、高尔夫练习场等人文自然景观。

花园道,,110,情调是这里的代名词，宁静是这里的座右铭。

龙泉山楚王陵王妃墓,,266,楚王陵便布于风景秀丽龙泉山山上。这座楚王陵不是春秋战国时楚国的王陵，而是明朝朱洪武十四年（1381年）朱元璋第六子朱桢被封为楚王，以此地为楚王墓葬区。

竹类园,,267,竹类园位于水生的南岸，东起松柏园，西抵梅园，意在形成松、竹、梅“岁寒三友”的造园格局。现有楠竹、琴丝竹、凤尾竹、斑竹、罗汉竹、方竹等60多个竹类品种。采取分类布置，自然写意的造景手法，或曲径通幽，或竹篱茅舍，展现给游人的是“凤尾森森…

凤标,,268,凤标是楚文化旅游区的徽记。在古代凤是楚人的吉祥物，是将鹰、雕、雉、燕、孔雀等许多凡鸟的美好特征组合成的理想中的神鸟，是太阳的精华变成的火鸟。凤标净高7.2米，共用铜15.8吨，两凤矗立在百兽之王老虎的背上，其势不凡。“虎座立凤”是楚国鼎…

一三惨案遗址,,269,在汉口苗家码头，原江汉关前华界与英租界交界处的空坪。 1927年1月1日开始，武汉市民集会庆祝北伐战争胜利和国民政府迁都武汉，并举行声势浩大的宣传活动。l月3日下午，中央军事政治学校宣传员在这里演讲时，英租界当局从停泊在江面的英舰上调集大…

崇真堂,Wuhan Christian Church Chongzhen Church,61,

青山公园,Qingshan Park,271,

汉江湾大桥,,没有排名,

八铺街江滩,,没有排名,

伏牛山,,没有排名,

知音广场,,没有排名,

澳门路小森林,,没有排名,

黄塘湖公园,,没有排名,

府河园（盆景林园艺术空间）,,没有排名,

远洋长江樽国际无界艺术馆,,没有排名,

机械王国,,没有排名,

枭龙汽车爱国主义教育基地,,没有排名,

武汉梁子湖鹰猎牧场,,没有排名,

金口,,没有排名,

茗泉谷都市农业产业园,,没有排名,

农耕年华,,没有排名,

武汉趣谷旅游区,,没有排名,

黄家湖生态湿地公园,,没有排名,

白沙洲大桥江滩公园,,没有排名,

凤凰公园,,没有排名,

昙华林近代教育博物馆,,没有排名,

青春村樱花园,,没有排名,

复兴体育公园,,没有排名,

问津缘探索小镇,,没有排名,

武汉中心大厦,,没有排名,

码头文化广场,,没有排名,

芷美空间,,没有排名,

九丘书吧,,没有排名,

红色广场,,没有排名,

汉阳铁厂,,没有排名,

青菱湖,,没有排名,

虫洞公园,,没有排名,

九龙寨,,没有排名,

黄花涝古镇,,没有排名,

黄花矶闸口,,没有排名,

喻家湖,,没有排名,

人信汇海豚儿童图书馆,,没有排名,

中共史第五次全国代表大会开幕式会址,,没有排名,

保安洋行旧址,,没有排名,

永康里街头博物馆,,没有排名,

汉口平汉铁路局旧址,,没有排名,

汤湖图书馆,,没有排名,

时见鹿,,没有排名,

湖北省群众艺术馆,,没有排名,

槐山矶石驳岸,,没有排名,

青少年宫音乐厅,,没有排名,

江汉区图书馆,,没有排名,

东湖梅花节,,没有排名,

汉街,,没有排名,

古驿生态园,,没有排名,

杨正古铁佛寺,,没有排名,

禹柏轩,,没有排名,

百步亭·爱社区创业文化广场,,没有排名,

小龟山,,没有排名,

夏家寺,,没有排名,

半侧山,,没有排名,

报祖寺,,没有排名,

我在哪儿？空间装置艺术展,,没有排名,

陈一丹伉俪图书馆,,没有排名,

大孚银行旧址,,没有排名,

太极广场,,没有排名,

方间之外·艺术空间,,没有排名,

三角湖,,没有排名,

咸安坊,,没有排名,

东西湖区图书馆,,没有排名,

四明银行旧址,,没有排名,

非物质文化遗产展示中心,,没有排名,

青岛路历史风貌区,,没有排名,

青山图书馆,,没有排名,

花旗银行大楼旧址,,没有排名,

翁守谦故居,,没有排名,

中国实业银行大楼旧址,,没有排名,

蛋是,,没有排名,

中华三百六十行雕塑馆,,没有排名,

张公堤城市森林公园,,没有排名,

新泰大楼旧址,,没有排名,

悠贝亲子图书馆,,没有排名,

硚口区图书馆,,没有排名,

蛇山景区,,没有排名,

泰兴里,,没有排名,

中国光谷科技会展中心,,没有排名,

红心教育基地拓展训练中心,,没有排名,

金银湖市民文体活动中心,,没有排名,

百步亭游园,,没有排名,

文泽尔书友会图书馆,,没有排名,

小奓湖,,没有排名,

龙王尖,,没有排名,

首善堂,,没有排名,

定远公园,,没有排名,

剩余空间,,没有排名,

天街,,没有排名,

金银湖公园,,没有排名,

桃花寨,,没有排名,

滠水公园,,没有排名,

崇文艺林美术馆,,没有排名,

益合艺术空间,,没有排名,

知音广场,,没有排名,

罗马凯撒广场,,没有排名,

橘子洲岛,,没有排名,

小昙昙邮局,,没有排名,

柴泊湖休闲广场,,没有排名,

武昌杨泗港大桥南岸桥头公园,,没有排名,

径河公园,,没有排名,

金城银行,,没有排名,

光谷国际会展中心,,没有排名,

汉江·云赫艺术中心 ART MUSE,,没有排名,

白石美术馆,,没有排名,

南湖水杉林,,没有排名,

和平公园,,没有排名,

湖北省科学技术馆,,没有排名,

日信洋行,,没有排名,

江苏会馆,,没有排名,

金银潭公园,,没有排名,

少儿街头博物馆,,没有排名,

汉阳汉江江滩三期,,没有排名,

汉口碉堡群,,没有排名,

武泰闸,,没有排名,

古镇仓埠,,没有排名,

太渔桥,,没有排名,

东湖石刻,,没有排名,

东湖国家湿地公园,,没有排名,

杜公湖,,没有排名,

法国街,,没有排名,

嵩阳寺,,没有排名,

东湖港,,没有排名,

湖北省立图书馆旧址,,没有排名,

汉阳大别山摩崖,,没有排名,

江汉关大楼旧址,,没有排名,

肯尼亚园,,没有排名,

王塘湖,,没有排名,

大智无界·空中小镇,,没有排名,

光谷星期8小城,,没有排名,

东湖之森·飞越丛林探险乐园,,没有排名,

黄家湖,,没有排名,

海豹互动,,没有排名,

深海潜水,,没有排名,

温带企鹅馆,,没有排名,

极地海湾,,没有排名,

小白鲸的游乐场,,没有排名,

水母万花筒,,没有排名,

海龟喂食,,没有排名,

海洋王国,,没有排名,

旋转木马,,没有排名,

海豹馆,,没有排名,

7D影院,,没有排名,

北极狼馆,,没有排名,

北极熊馆,,没有排名,

极地王国,,没有排名,

树屋岛,,没有排名,

墨水湖边运动公园,,没有排名,

黄狮海,,没有排名,

鹭之岛轻生活艺术馆,,没有排名,

法租界消防队,,没有排名,

五福广场,,没有排名,

光谷步行街三期,,没有排名,

红巷博物馆群,,没有排名,

二七公园,,没有排名,

白日游Daywalker自由艺术馆,,没有排名,

湖北咨议局界碑,,没有排名,

大桥文化长廊,,没有排名,

方岛湿地公园,,没有排名,

地大夜市,,没有排名,

武汉绿地中心,,没有排名,

青山江滩公园-二期,,没有排名,

冶金街105街,,没有排名,

佳宝贝M+体验店,,没有排名,

妙享骑士乐园(马鞍山森林公园店 ),,没有排名,

7X梦幻乐园,,没有排名,

明天藏隆亲子水上乐园,,没有排名,

华耀星空艺术馆,,没有排名,

花山水上乐园,,没有排名,

华中小龟山金融文化公园,,没有排名,

岱园,,没有排名,

昭君广场,,没有排名,

大堤口广场,,没有排名,

柏林广场,,没有排名,

江滩小广场,,没有排名,

武昌区社会主义核心价值观主题公园,,没有排名,

爱因斯坦广场,,没有排名,

江夏中央大公园,,没有排名,

听语公园,,没有排名,

米兰春天广场,,没有排名,

竹叶山游园,,没有排名,

柳林公园,,没有排名,

张毕湖公园,,没有排名,

烽胜公园,,没有排名,

水果湖儿童公园,,没有排名,

钢都花园露天广场,,没有排名,

武汉欢乐岛水上世界,,没有排名,

检阅九鼎,,没有排名,

武重老厂门,,没有排名,

东湖凌波台,,没有排名,

汉广森林公园北区,,没有排名,

环山绿道,,没有排名,

爱情岛,,没有排名,

方志馆,,没有排名,

信义公所,,没有排名,

亚细亚火油公司,,没有排名,

青扬十街,,没有排名,

喜鹊湖花海,,没有排名,

三角湖主题生态公园,,没有排名,

湖北大学博物馆,,没有排名,

洪山菜薹公园,,没有排名,

汉阳门花园,,没有排名,

一席艺术空间,,没有排名,

戎光军创江汉区展厅,,没有排名,

万家湖公园,,没有排名,

武东公园,,没有排名,

汉江江滩公园,,没有排名,

受降堂,,没有排名,

船厂公园,,没有排名,

青山江滩公园-一期,,没有排名,

亼美术馆,,没有排名,

石桥游园,,没有排名,

汉剧博物馆,,没有排名,

武胜路游园,,没有排名,

倒口湖防洪科普公园,,没有排名,

武丰闸湿地公园,,没有排名,

金易贴金,,没有排名,

舵落口江滩公园,,没有排名,

巡司河体育公园,,没有排名,

契园,,没有排名,

汉江公园,,没有排名,

航天公园,,没有排名,

凤凰风情街,,没有排名,

东亭上街,,没有排名,

3D魔幻艺术体验馆(青山特展),,没有排名,

健民叶开泰中医药文化博物馆,,没有排名,

中国科学院武汉植物园-游客中心,,没有排名,

中天花海,,没有排名,

长江书城·时光书馆,,没有排名,

少年儿童图书馆,,没有排名,

浮生艺术馆,,没有排名,

蜜蜂探索馆,,没有排名,

2020武汉五环天地国潮文化大庙会,,没有排名,

浙江实业银行旧址,,没有排名,

卓刀泉公园,,没有排名,

夏斗寅汉口公馆,,没有排名,

生态运动公园,,没有排名,

车站路天主堂,,没有排名,

西北湖,,没有排名,

华侨城生态湿地公园,,没有排名,

戏金影视基地,,没有排名,

双凤亭公园,,没有排名,

上海银行(汉口分行),,没有排名,

鼓楼洞,,没有排名,

圆通寺,,没有排名,

鸡公山公园,,没有排名,

鲁肃墓,,没有排名,

东方汇理银行,,没有排名,

红T时尚创意街区,,没有排名,

绘艺时光艺术馆,,没有排名,

神采飞扬美术馆,,没有排名,

中南银行,,没有排名,

东山农场办事处,,没有排名,

俄国总会,,没有排名,

常青花园生育文化园,,没有排名,

昙华林历史文化街区,,没有排名,

大峡谷,,没有排名,

东西湖极地海洋公园,,没有排名,

汉口汇丰银行大楼,,没有排名,

东湖国际公共艺术园,,没有排名,

中华名塔,,没有排名,

南湖花溪公园,,没有排名,

理想博物馆,,没有排名,

哈喽茄子换装自拍馆(光谷步行街旗舰店),,没有排名,

乐涂创意美术馆,,没有排名,

中山公园园史陈列馆,,没有排名,

三江雕塑工作室,,没有排名,

松果美术馆,,没有排名,

关山漾美术馆,,没有排名,

湖北音乐博物馆泛川古琴馆,,没有排名,

艺联万家艺术展,,没有排名,

卓尔美术馆,,没有排名,

汤湖美术馆,,没有排名,

艺元空间,,没有排名,

石门峰博物馆,,没有排名,

江汉大学-美术馆,,没有排名,

中山展览馆,,没有排名,

武汉栖隐寺,,没有排名,

青山长江大桥,,没有排名,

武汉国际会展中心,,没有排名,

施洋烈士纪念馆,,没有排名,

武汉阿拉丁神灯星空科技馆（新世界旗舰馆）,,没有排名,

武汉星空失恋博物馆（光谷步行街旗舰店）,,没有排名,

武汉鸭梨山大解压馆（新世界百货街道口馆）,,没有排名,

不可思议星空解压馆,,没有排名,

长江非遗博物馆,,没有排名,

醉乡情欢乐田园,,没有排名,

竹林寺风景区,Zhulinsi Scenic Area,没有排名,

富岳三十六景-浮世绘特展,,没有排名,

湖北幼儿师范高等专科学校图书馆,,没有排名,

武昌起义史迹陈列,,没有排名,

Welcome to Wuhan萌兔乐园体验馆,,没有排名,

江岸区汉口历史文化风貌区,,没有排名,

汉口历史文化风貌区,,没有排名,

汉口北国际旅游商品交易中心,,没有排名,

扬子江非遗文化馆,Yangtze River Intangible Cultural Heritage Hall,没有排名,

武汉警察博物馆,,没有排名,

龙王庙法治文化园,,没有排名,

中共中央机关旧址纪念馆,Wuhan Zhonggongzhongyang Jiguan Site Memorial Hall,没有排名,

东湖帆船公园,East Lake Sailing Park,没有排名,

黄花涝大草原,Huanghualao Prairie,没有排名,

中国共产党纪律建设历史陈列馆,,没有排名,

胡朝阳油画作品展,,没有排名,

香虹艺术公园,Xianghong Art Park,没有排名,

中央文化旅游区汉街,"Han Street, Wuhan Central Cultural Tourism District",没有排名,

多牛世界,,没有排名,

英才公园,Talent Park,没有排名,

国博水系景观园,Guobo Water System Landscape Park,没有排名,

叶挺独立团武昌纪念馆,Wuchang Memorial of Ye Ting’s Independent Regiment,没有排名,

永利银行旧址,Site of Wynn Bank,没有排名,

严西湖,Yanxihu,没有排名,

府河,Fuhe,没有排名,

木兰花乡景区花海区,"Flower Sea District, Magnolia Flower Village Scenic Area",没有排名,

天池码头乘船处,,没有排名,

中屋谢,,没有排名,

东湖高新区花山街道综合文化服务中心,,没有排名,

遗体捐献者纪念碑,Memorial to Body Donors,没有排名,

花视界仿真植物园艺,,没有排名,

武汉旅行跟拍,,没有排名,全程跟拍，贴心服务

大沙咀,Dashazui Village,没有排名,

恒源园林景观,,没有排名,

北口林场,Beikou Forest Farm,没有排名,

琴断口二新村,"Erxin Village, Qinduankou Street",没有排名,

七甲田,,没有排名,

迷古幽境,Migu Youjing Scenic Spot,没有排名,

武昌区法制宣传长廊,Legal Publicity Corridor of Wuchang District,没有排名,

R摇滚音乐台,,没有排名,

郭家岗村,Guojiagang Village,没有排名,

延安窑洞对,,没有排名,

牛山昌,Niushanchang Village,没有排名,

兵乓球活动中心,Table Tennis Activity Center,没有排名,

大章鱼,Zhongshan Park—Octopus,没有排名,

芭茅山,Bamao Mountain,没有排名,

张家列村,Zhangjialie Village,没有排名,

倪周列,Nizhoulie Village,没有排名,

龟山电视塔,"TV Tower, Guishan Hill Scenic Area",没有排名,

司门口健身,Simenkou Street,没有排名,

中国光谷半岛生态体验园,Optics Valley Peninsula Ecological Experience Park of China,没有排名,

合美术馆,He Gallery,没有排名,

武汉图书馆,Wuhan Library,没有排名,

武汉国际会议中心,Wuhan Guoji Huiyi Center,没有排名,

万松文化园,Pine Garden,没有排名,

龙泉灵泉寺,Lingquan Temple,没有排名,

陶艺馆,,没有排名,

平安大厦,Ping An Building,没有排名,

水云乡,Shuiyunxiang,没有排名,

东湖磨山索道,Moshan Ropeway,没有排名,

放鹰桥,Fangying Bridge,没有排名,

海绵科普展馆,Sponge Science Exhibition Hall,没有排名,

翟雅阁博物馆,Diyage Museum,没有排名,

杨春湖,Yangchun Lake,没有排名,

联投龙湾网球公园,Liantouwangqiu Park,没有排名,

武汉市新洲区凤凰民俗博物馆,Wuhanshi Xinzhouqu Fenghuang Minsu Museum,没有排名,

老门茶器博物馆,Wuhan Laomen Chaqi Museum,没有排名,

精益眼镜博物馆,Wuhan Jingyi Yanjing Museum,没有排名,

武汉青菱文农艺术博物馆,Wuhan Qingling Wennong Art Museum,没有排名,

武汉市汉南区博物馆,Wuhanshi Hannanqu Museum,没有排名,

武汉益合当代书画艺术博物馆,Wuhan Yihe Dangdai Shuhua Art Museum,没有排名,

武汉桥文化博物馆,Wuhanqiao Culture Museum,没有排名,

武汉槐川博物馆,Wuhanhuaichuan Museum,没有排名,

湖北佳和当代艺术博物馆,Hubeijia He Dangdai Art Museum,没有排名,

武汉奇石文化博物馆,Wuhanqishi Culture Museum,没有排名,

武汉鄂菜博物馆,Wuhan'ecai Museum,没有排名,

武汉楚天黄民俗博物馆,Wuhan Chutian Huang Minsu Museum,没有排名,

大禹文化博物馆,Wuhan Dayu Cultural Museum,没有排名,

钱学森与武汉生物工程学院博物馆,Qianxuesen Yu Wuhan Shengwu Gongcheng College Museum,没有排名,

武汉市虞小风指画博物馆,Wuhanshi Yuxiaofeng Zhihua Museum,没有排名,

武汉长庭陶瓷博物馆,Wuhan Zhangting Taoci Museum,没有排名,

黎黄陂文化博物馆,Wuhan Lihuangpo Culture Museum,没有排名,

德森地契博物馆,Desendiqi Museum,没有排名,

武汉市袁家店红色文化博物馆,Wuhanshi Yuanjiadian Hongse Culture Museum,没有排名,

华中农业大学博物馆,Huazhongnongye University Museum,没有排名,

湖北军民抗战博物馆,Hubei Junmin Kangzhan Museum,没有排名,

武汉大余湾社区博物馆,Wuhan Dayuwan Shequ Museum,没有排名,

武汉殡仪民俗文化博物馆,Wuhan Binyi Minsu Culture Museum,没有排名,

武汉康思农蜜蜂博物馆,Wuhan Kangsinong Mifeng Museum,没有排名,

武汉蓝鼎和鼻烟壶博物馆,Wuhan Landing He Biyanhu Museum,没有排名,

湖北省兰文化博物馆,Hubeishenglan Culture Museum,没有排名,

荆楚金石博物馆,Wuhan Jingchu Jinshi Museum,没有排名,

武汉东湖荷花博物馆,Wuhan Donghu Hehua Museum,没有排名,

湖北邮政文史展馆,Hubei Exhibition Hall of Post Culture and History,没有排名,

武汉壶语堂博物馆,Wuhan Huyutang Museum,没有排名,

新洲博物馆,Wuhanshi Xinzhouqu Museum,没有排名,

湖北明清古建筑博物馆,Hubei Mingqing Gujianzhu Museum,没有排名,

武汉蓝光艺术博物馆,Wuhanlanguang Art Museum,没有排名,

武汉屹苑盆景文化艺术博物馆,Wuhan Yiyuan Penjing Culture Art Museum,没有排名,

武汉市蜂之巢蜜蜂博物馆,Wuhanshi Fengzhichao Mifeng Museum,没有排名,

武汉三汉雕塑艺术博物馆,Wuhan Sanhan Diaosu Art Museum,没有排名,

武汉金楠雅苑金丝楠木博物馆,Wuhan Jinnanyayuan Jin Si Nanmu Museum,没有排名,

武汉大唐陶瓷博物馆,Wuhan Datang Taoci Museum,没有排名,

武汉李庄古建筑博物馆,Wuhan Lizhuang Gujianzhu Museum,没有排名,

武汉市黄陂区博物馆,Wuhanshi Huangpoqu Museum,没有排名,

武汉二七纪念馆,Wuhan'erqi Memorial Hall,没有排名,

中车武汉黄陂产业园,"CRRC Huangpi Industrial Park, Wuhan",没有排名,

竹韵堂竹雕博物馆,Zhuyuntang Zhudiao Museum,没有排名,

钟子期墓,Zhongziqi Tomb,没有排名,

戴家湖公园,Daijiahu Park,没有排名,

沉湖湿地,Chenhu Wetland,没有排名,

鹅碑亭,Goose Stele Pavilion,没有排名,

叶开泰中医药文化园,Yekaitai Traditional Chinese Medicine Cultural District,没有排名,

东湖磨山樱花园,Donghumo Shan Ying Garden,没有排名,

盘龙城国家考古遗址公园,Panlongcheng Guojia Kaogu Ruins Park,没有排名,

桥梁博物馆,Wuhanshi Qiaoliang Museum,没有排名,

避暑山庄金利塔,"Jinli Tower, Wuhan Mountain Resort",没有排名,

文华学院,Wenhua College,没有排名,

解放公园湿地科普馆,Wetland Science Museum of Liberation Park,没有排名,

梦境梵心星空艺术馆,Mengjing Fanxin Xingkong Art Museum,没有排名,

梵高星空美术馆（江汉路旗舰店）,Fangaoxingkong Gallery (jianghanluqijian),没有排名,

梵高星空艺术馆（汉口馆）,Fangaoxingkong Art Museum (hankouguan),没有排名,

5D光年星空艺术馆,5D Guangnian Xingkong Art Museum,没有排名,

杨泗港长江大桥,Yangsigang Yangtze River Bridge,没有排名,

黄鹤楼酒文化博览园,Yellow Crane Tower Wine Culture Expo Park,没有排名,

鹅池,Goose Pond,没有排名,

武汉空天模型展览馆,Wuhan Kongtian Moxing Exhibition hall,没有排名,

花海石林风景区,Huahaishilin Sceneic Area,没有排名,

武汉昆虫萌宠主题馆,,没有排名,

武汉失恋愽物馆（街道口旗舰店）,Wuhan Museum of Broken Relationship (Jiedaokou Flagship Store),没有排名,

昊华林历史文化陈列馆,Haohualin Lishi Culture Exhibition Hall,没有排名,

入侵植物与生物安全教育专类园,,没有排名,

光明奶牛场,,没有排名,

湖北溉耕种植养殖专业合作社,,没有排名,

武汉网红小镇,Wuhan Online Celebrity Town,没有排名,

武汉市汉口渔场,,没有排名,

武昌区生育文化园,,没有排名,

君朋园林绿化工程有限公司,,没有排名,

君朋园林绿化工程有限公司,,没有排名,

承德须弥福寿之庙琉璃万寿塔,,没有排名,

武汉市雄岭农庄莲蓬种植专业合作社,,没有排名,

蓬莱古寺,,没有排名,

凤娃古寨郭府,,没有排名,

仙岛湖园艺店,,没有排名,

武汉市新洲区傻丫丫养殖专业合作社,,没有排名,

武汉归元玉佛对外交流中心,,没有排名,

汉江萤河·武汉萤火虫湿地公园,Hanjiang Yinghe·wuhan Yinghuochong Wetland Park,没有排名,

武汉经济技术开发区花卉基地,,没有排名,

东湖生态瓶,,没有排名,

夏祠堂塆,,没有排名,

大禹治水图,,没有排名,

武汉大学月湖,,没有排名,

东湖游泳池,East Lake Swimming Pool,没有排名,

周小燕纪念室,Zhou Xiaoyan Memorial Room,没有排名,

上海银行汉口分行旧址,Old Shanghai Bank (Hankou),没有排名,

中国银行大楼旧址,Old Bank of China Building,没有排名,

汇丰银行大楼旧址,Old HSBC Building Wuhan,没有排名,

爱来魔相艺术馆-武汉旗舰店,Alive Museum,没有排名,

武汉时尚风情街,ShiShang FengQing Jie (JinYin HuDong YiLu),没有排名,

中国家具CBD商业街,ZhongGuo JiaJu CBD ShangYeJie,没有排名,

武汉园林展览中心,WuHan YuanLin ZhanLan ZhongXin,没有排名,

中国龙观天下文化艺术品馆,ZhongGuo LongGuan TianXia WenHua YiShu PinGuan,没有排名,

武汉节水科技馆,WuHan JieShui KeJiGuan,没有排名,

武汉地一大道汉正地下商业街,WuHan DiYi DaDao HanZheng DiXia ShangYeJie,没有排名,

武汉淘宝街,TaoBao Jie,没有排名,

武汉乐购街,LeGou Jie,没有排名,

武汉龙街,LongJie,没有排名,

武汉南国蓝街,NanGuo Lan Jie,没有排名,

中铁大桥局桥文化展示厅,ZhongTie DaQiao Ju Qiao WenHua ZhanShiTing,没有排名,

武汉地一大道,DiYi DaDao,没有排名,

武汉海上花海派风情商业街,HaiShangHua HaiPai FengQing ShangYeJie,没有排名,

武汉汉兴社区服务一条街,HanXing SheQu FuWu YiTiao Jie,没有排名,

古巷小吃街,Gu Xiang XiaoChi,没有排名,

武汉鼎盛园艺文化街,DingSheng YuanYi WenHua Jie,没有排名,

赤壁大战全景画馆,ChiBi DaZhan QuanJingHua Guan,没有排名,

武汉常二社区再就业一条街,ChangEr SheQu ZaiJiuYe YiTiao Jie,没有排名,

武汉博雅豪庭时尚街,BoYa HaoTing ShiShang Jie,没有排名,

武汉1828武汉新天地地下风情街,1828 WuHan XinTianDi DiXia FengQing Jie,没有排名,

武汉站邻商业街,Zhan LinShangYe Jie,没有排名,

武汉相国花园美食街,XiangGuo HuaYuan MeiShiJie,没有排名,

西班牙风情街,XiBanYa FengQing Jie,没有排名,

武汉鹦鹉美食风情镇,YingWu MeiShi FengQingZhen,没有排名,

武汉扬子街精品婚纱婚庆市场,YangZi Jie JingPin HunSha HunQing ShiChang,没有排名,

武汉阳光商业街,YangGuang ShangYeJie,没有排名,

武汉先锋商业街,XianFeng ShangYeJie,没有排名,

武汉西园商业街,XiYuan ShangYeJie,没有排名,

武汉涂长里陈列馆,TuChangLi ChenLieGuan,没有排名,

武汉天顺园商业街,TianShunYuan ShangYeJie,没有排名,

武汉维纳斯商业街,WeiNaSi ShangYeJie,没有排名,

武汉文书巷小吃街,WenShu Xiang XiaoChi Jie,没有排名,

武汉万豪商业街,WanHao ShangYeJie,没有排名,

武汉融侨福源街,RongQiao FuYuan Jie,没有排名,

武汉首义园小吃街,ShouYiYuan XiaoChi Jie,没有排名,

武汉青山奇石馆,QingShan QiShiGuan,没有排名,

武汉南干渠商业步行街,NanGanQu ShangYe BuXingJie,没有排名,

武汉南国明珠参茸保健品一条街,NanGuo MingZhu ShenRong BaoJianPin YiTiao Jie,没有排名,

武汉祁家山步行街,QiJiaShan BuXingJie,没有排名,

武汉南湖商业步行街,NanHu ShangYe BuXingJie,没有排名,

武汉老鼠街市场,LaoShu Jie ShiChang,没有排名,

梁山头商业街,LiangShanTou ShangYeJie,没有排名,

武汉江夏商业街,JiangXia ShangYeJie,没有排名,

武汉兰桂坊商业街,LanGuiFang ShangYe Jie,没有排名,

武汉金凯商业街,JinKai ShangYeJie,没有排名,

武汉佳和·核心商业街,JiaHe HeXin ShangYeJie,没有排名,

武汉嘉园商业街,JiaYuan ShangYeJie,没有排名,

武汉花木兰展览馆,HuaMuLan ZhanLanGuan,没有排名,

武汉华中农业大学梧桐路步行街,HuaZhong NongYe DaXue WuTong Lu BuXingJie,没有排名,

花园道艺术商业街,HuaYuan Dao YiShu ShangYeJie,没有排名,

明楚王墓群,Mingchu King's Tomb,没有排名,

慈惠农场,Cihui Farm,没有排名,

汉口中山公园,Hankou Zhongshan Park,没有排名,

武汉陈潭秋故居,Former Residence of Chen Tanqiu in Wuhan,没有排名,

古门山,Mt. Gumen Scenic Resort,没有排名,

东湖游船落霞水榭码头,Luoxia Shuixie Dock,没有排名,

天池码头,Tianchi Pier (Mulan Tianchi),没有排名,

高峡风景园区,Gaoxia Scenic Area,没有排名,

武汉大学周恩来旧居,Wuhan Daxue Zhou'enlai Former Residence,没有排名,

东湖游船行吟阁码头,,没有排名,

武汉汉绣博物馆,Hanxiu Museum,没有排名,

武汉市第十四中学,Wuhan No.14 Middle School,没有排名,

珞珈山街住宅区,Luojia Mountain Street,没有排名,

胜像宝塔,Shengxiang Pagoda,没有排名,

东西湖科技馆,Dongxihu Science &amp; Technology Museum,没有排名,

园林艺术馆,Yuanlin Art Museum,没有排名,

昭王寝,Zhaowangqin,没有排名,

鄂军都督府,Hubei Military Governor's Mansion,没有排名,

陈友谅墓,Tomb of Chen Youliang,没有排名,

毛泽东词亭,Mao Zedong’s Ci Pavilion,没有排名,

罗汉堂,Arhat Hall,没有排名,

老斋舍,"Old Dormitory, Wuhan University",没有排名,

江汉湖区湿地,Jianghanhuqu Wetland,没有排名,

长江武汉关,Wuhan Pass of the Yangtze River,没有排名,

蔡甸区科技馆,Caidian District Science and Technology Museum,没有排名,

天鹅路放鹰台,Fangyingtai,没有排名,

湖北中医药大学,Hubei University of Traditional Chinese Medicine Dormitory,没有排名,

武汉大学国际学术交流中心,Wuhan Daxue Guoji Xueshu Jiaoliu Center,没有排名,

丰顺路天顺园小区,,没有排名,

龙华禅寺,Longhua Temple,没有排名,

放鹰台遗址,Fangyingtai Ruins,没有排名,

琴台绿化广场,Qintai Virescence Square,没有排名,

嵩阳森林公园,Songyang Forest Park,没有排名,

僵鱼塘,,没有排名,

长春街,Changchun Street,没有排名,

晴川桥,Qingchuan Bridge,没有排名,

龙王庙公园,Dragon King Temple,没有排名,

江夏区大花山,Jiangxiaqu Dahua Mountain,没有排名,

武汉基督教青年会,Wuhan Young Men’s Christian Association,没有排名,

杨楼子湾榨房,Yanglouziwan Zhafang Village,没有排名,

施洋烈士陵园,Cemetery of Martyr Shi Yang,没有排名,

武汉长江二桥,Second Yangtze River Bridge in Wuhan,没有排名,

武汉工业学院,Wuhangongye College,没有排名,

藏龙岛国家湿地公园,Zanglongdao,没有排名,

兰亭公园,Lanting Park,没有排名,

色界日记潮流美拍艺术馆,Sejie Riji Chaoliu Meipai Art Museum,没有排名,

韵湖公园,Yunhu Park,没有排名,

白日梦抖拍艺术馆,Bairimeng Doupai Art Museum,没有排名,

创意天地,Wuhan Creativity World,没有排名,

东湖塔,Donghu Tower,没有排名,俯览天下胜景

花山街道,Huashan Street,没有排名,

左岭镇,Zuolingzhen,没有排名,

武汉黄鹤古肆明清街,HuangHe GuSi MingQing Jie,没有排名,

武汉关码头,Wuhanguan Marina,没有排名,

华中农业大学,Huazhong Agricultural University,没有排名,

道一堂中医药博物馆,Wuhan Daoyitang Traditional Chinese Medicine Museum,没有排名,

闷家湖游园,Menjiahu Pleasance,没有排名,

惠罗公司旧址,,没有排名,

大悟烈士陵园,Dawu Martyrs Cemetery,没有排名,

武汉莲华寺,Wuhanlianhua Temple,没有排名,

罗马春天奥特莱斯水上乐园,,没有排名,

生活周刊广场,Life Weekly Square,没有排名,

汉口新四军军部旧址,Hankou New Fourth Army Headquarters Site,没有排名,

武汉市百合花园教会,Wuhanshi Baihe Garden Church,没有排名,

长江大学,Yangtze University,没有排名,

汉古艺术馆,Hangu Art Museum,没有排名,

湖北方志馆,Hubei Chorography Museum,没有排名,

武汉大学万林艺术博物馆,Wuhan University Wanlin Art Museum,没有排名,

木兰将军寺,Huangpi Mulan Jiangjun Si,没有排名,

长江文明馆（武汉自然博物馆）,Wuhan Natural History Museum·Behring River Lifer Museum,没有排名,一个生长在园子里的博物馆

天下第一巷,Tianxiadiyixiang Scenic Resort,没有排名,

湖泗瓷窑址群,Husi Porcelain Kiln Groups,没有排名,

中华总工会旧址,China Federation of Unions Site,没有排名,

地球村欢乐世界,the Happy World of Global Village,没有排名,

武汉轻工大学(南门),Wuhan Polytechnic University,没有排名,

购物公园,Gouwu Park,没有排名,

国民革命军陆军新编第四军,National Revolutionary Army Land Force Newly Organized 4th Army,没有排名,

东西湖堤,Dongxihu Embankment,没有排名,

武昌车辆工厂体育场游乐场,,没有排名,

将军路文化广场,Jiangjunlu Culture Square,没有排名,

新世纪文化广场,Xinshiji Culture Square,没有排名,

真耶稣教会,Zhenyesu Church,没有排名,

德明饭店旧址,Huashang Hotel Former Site,没有排名,

汉口景明大楼,Hankou Jingming Dalou Site,没有排名,

白马游览区,Baima Tourism Zone,没有排名,

城市广场,Chengshi Square,没有排名,

光谷客17排文化传播有限公司,,没有排名,

吴佩孚公馆旧址,Wu Peifu Residence,没有排名,

中南民族大学-民族学博物馆,Ethnology Museum，South-Central University for Nationalities,没有排名,

真耶稣教会,Zhenyesu Church,没有排名,

卿正领域阳逻广场,Qing Zheng Lingyu Yangluo Square,没有排名,

蓝光林肯公园,Languanglinken Park,没有排名,

娇娃儿童游乐城,,没有排名,

百步亭社区志愿服务中心,Baibuting Shequ Zhiyuan Fuwu Center,没有排名,

真耶稣教会茶山教会,Zhen Yesu Jiaohui Cha Mountain Church,没有排名,

真耶稣教会(崇阳村),Zhenyesu Church (chongyangcun),没有排名,

丽人公署,,没有排名,

武汉市洪山基督教会,Wuhanshihong Mountain Christ Church,没有排名,

武汉市公安局江夏分局武汉花卉博览园警务室,,没有排名,

瑞景广场儿童主题乐园,,没有排名,

康姆贝蒂,,没有排名,

都都兽儿童乐园,,没有排名,

zoolung zoolung动物主题公园(壹方购物中心店),,没有排名,

武汉天上堂基督教会,Wuhan Tianshang Tang Christ Church,没有排名,

前进教会,Qianjin Church,没有排名,

开心一乐儿童主题乐园,,没有排名,

安安乐园,,没有排名,

金水农场儿童乐园,,没有排名,

佳贝爱儿童乐园（总部）,,没有排名,

高紫山文体广场,Gaozishan Wenti Square,没有排名,

豆丁广场,Douding Square,没有排名,

建华社区-文体广场,Jianhua Shequ-Wenti Square,没有排名,

马可乐园,,没有排名,

蓝星驾校(后湖)基地,,没有排名,

欢蹦乐跳主题蹦床公园(华林广场店),Huanbengletiao Zhuti Bengchuang Park (hualinguangchang),没有排名,

儿童主题水育乐园,,没有排名,

淘气王国儿童乐园,,没有排名,

武汉基督教爱的教会,Wuhan Jidu Jiao'ai De Church,没有排名,

禅道还元(神龙大道分店),,没有排名,

皇宫,,没有排名,

法治广场,Fazhi Square,没有排名,

乐乐派儿童主题乐园,,没有排名,

当代薰衣草广场,Dangdai Xunyicao Square,没有排名,

XBOX体感游戏,,没有排名,

阳逻绿化休闲广场,Yangluolvhua Leisure Square,没有排名,

文化广场,Culture Square,没有排名,

开心一乐儿童主题乐园,,没有排名,

佳佳儿童乐园,,没有排名,

亲亲宝贝儿童乐园,,没有排名,

兴怡生活广场,Xingyishenghuo Square,没有排名,

好童伴儿童乐园,,没有排名,

爱亲宝贝儿童乐园,,没有排名,

毕业时代(湖经店),,没有排名,

清芬社区健身休闲广场,Qingfen Shequ Jianshen Leisure Square,没有排名,

徐古红色广场,Xuguhongse Square,没有排名,

篝火广场,Gouhuo Square,没有排名,

欧洲广场,Ouzhou Square,没有排名,

朝宗广场,Chaozong Square,没有排名,

近水阁,,没有排名,

塔卡密室,,没有排名,

沿海赛洛城二期广场,Yanhai Sailuocheng Erqi Square,没有排名,

月亮湾(六合路分店),,没有排名,

高炉钱村文体广场,Gaolu Qian Cun Wenti Square,没有排名,

梨园-广场,Liyuan- Square,没有排名,

下沉广场,Xiachen Square,没有排名,

龙凤广场,Longfeng Square,没有排名,

家家乐亲子乐园,,没有排名,

武汉恩福教会,Wuhan'enfu Church,没有排名,

高山观音王,,没有排名,

法治文化广场,Fazhi Culture Square,没有排名,

恽代英广场,Yundaiying Square,没有排名,

鹰眼户外拓展真人CS,,没有排名,

软件园广场,Ruanjianyuan Square,没有排名,

斗牛士广场,Douniushi Square,没有排名,

爱儿玛儿童主题乐园,,没有排名,

童叟同乐老吾老广场,Tongsoutongle Laowu Lao Square,没有排名,

林荫广场,Linyin Square,没有排名,

趣玩吧亲子儿童乐园,,没有排名,

德仁广场,Deren Square,没有排名,

金贝贝稚子乐园,,没有排名,

马可儿童拓展乐园,,没有排名,

星期六,,没有排名,

弗拉门戈广场,Fulamenge Square,没有排名,

星湖广场,Xinghu Square,没有排名,

洪山影剧院停车场(出入口),,没有排名,

郭徐岭广场,Guoxuling Square,没有排名,

万福广场,Wanfu Square,没有排名,

仓埠街松林村文体广场,Cangbu Jie Songlincun Wenti Square,没有排名,

九峰市民休闲广场,Jiufengshimin Leisure Square,没有排名,

西班牙广场,Xibanya Square,没有排名,

DIY儿童乐园,,没有排名,

烟波花园,Yanbo Garden,没有排名,

罗祖庙,Luozu Temple,没有排名,

佰昌·生态艺术公园,Baichang· Ecology Art Park,没有排名,

刘士标剪纸艺术博物馆,Liushibiao Jianzhi Art Museum,没有排名,

热带洋流,,没有排名,

贝比儿童乐园,,没有排名,

一凡儿童游乐园,,没有排名,

观音广场,Guanyin Square,没有排名,

刘二婆故居,Liu'erpo Former Residence,没有排名,

石观音寺,Shiguanyin Temple,没有排名,

游乐设施,,没有排名,

游乐设施,,没有排名,

金贝儿儿童乐园,,没有排名,

谌安明蝴蝶博物馆,Chen'anming Hudie Museum,没有排名,

圣泉寺,Shengquan Temple,没有排名,

七彩金童亲子园,,没有排名,

正觉禅寺,Zhengjuechan Temple,没有排名,

ESCAPE真人密室逃脱主题乐园,,没有排名,

天竺寺,Tianzhu Temple,没有排名,

喜洋洋儿童乐园,,没有排名,

多奇妙,,没有排名,

布奇乐乐园,,没有排名,

武汉园博园-凉亭,"Kiosk, Wuhan Garden Expo Park",没有排名,

游乐设施,,没有排名,

后湖公园,Houhu Park,没有排名,

金南生鲜市场儿童游乐园,,没有排名,

决战MVP,,没有排名,

魔法泡泡体验馆,,没有排名,

兆麟玉公园,Zhaolinyu Park,没有排名,

课后养成安亲儿童乐园,,没有排名,

汤逊湖壹号湿地公园,Tangxunhuyi Hao Wetland Park,没有排名,

第一感观,,没有排名,

湿地公园,Wetland Park,没有排名,

妙觉堂,Miaojue Hall,没有排名,

陈昌浩故居,Chenchanghao Former Residence,没有排名,

贝美嘉儿童乐园,,没有排名,

龙灵山公园鸟语林,"World of Birds, Longlingshan Park",没有排名,

武汉学院(大学城校区)-博物馆,Wuhan Xueyuan (Daxuechengxiaoqu) - Museum,没有排名,

茶山耶稣教堂,Chashanyesu Church,没有排名,

睿宝儿童乐园,,没有排名,

游乐设施,,没有排名,

道源观,Daoyuan Taoist Temple,没有排名,

武汉点点打字机博物馆,Wuhan Diandian Daziji Museum,没有排名,

湖北楚天国学馆,"Chutian Sinology Museum, Hubei",没有排名,

朱家山公园,Zhujiashan Park,没有排名,

海贝儿儿童成长游乐园,,没有排名,

植物园专类园区,Specialized Garden of Botanical Garden,没有排名,

花芯广场,Huaxin Square,没有排名,

文华大学-礼拜堂,,没有排名,

鹦宠乐园,,没有排名,

明才儿童游乐园,,没有排名,

彩电中心南广场,Caidian Zhongxin Nan Square,没有排名,

中山游乐园-极速风车,,没有排名,

天使公园,Tianshi Park,没有排名,

胜利街261号旧址,Shengli Jie 261 Hao Site,没有排名,

"一·三""惨案遗址","""One Three"" tragedy site",没有排名,

药师殿,Pharmacist’s Hall,没有排名,

开心宝贝,,没有排名,

甜馨天使儿童主题乐园,,没有排名,

揽胜公园（在建）,Lansheng Park (zaijian),没有排名,

电鹰动漫中心,,没有排名,

大风车儿童乐园,,没有排名,

小人国儿童乐园,,没有排名,

国防文化苑,National Defense Culture Park,没有排名,

嗨马乐园（中南店）,,没有排名,

镇寺之宝归元灵玉,"Guiyuan Spiritual Jade, Treasure of the Temple",没有排名,

白龙寺,Bailong Temple,没有排名,

能仁禅寺,Nengrenchan Temple,没有排名,

邾城汉墓群,"Han Tombs, Zhucheng Street",没有排名,

游乐中心,,没有排名,

船厂公园,,没有排名,

游乐设施,,没有排名,

悠游堂主题乐园(众园店),,没有排名,

欢乐童年GO游乐园(常青花园店),,没有排名,

八叠山生命公园,Badieshan Shengming Park,没有排名,

六顺路街心游园,Liushun Road Street Park,没有排名,

慈云寺,Jiangxiaciyun Temple,没有排名,

憩园(明志路),Qiyuan Garden (Mingzhi Road),没有排名,

啵比儿童乐园,,没有排名,

豆豆游乐园,,没有排名,

武汉铁路职业技术学院新校区-校史馆,,没有排名,

游乐设施,,没有排名,

七彩螺儿童乐园,,没有排名,

木兰壶语堂古代雕塑艺术博物馆,Mulan Huyutang Gudai Diaosu Art Museum,没有排名,

东沙湖连通工程展示中心,Dongshahu Liantong Gongcheng Zhanshi Center,没有排名,

三圣祠,Shrine of Three Sages,没有排名,

楠姆庙,Namu Temple,没有排名,

豪华大转马,,没有排名,

三楚胜境,"Qingchuan Pavilion, Sanchu Scenic Spot",没有排名,

蔡林记博物馆,Cailinji Museum,没有排名,

鼎新里,Dingxinli Site,没有排名,

民国武昌第一纱厂旧址,Minguo Wuchang Diyi Shachang Site,没有排名,

济生路电话分局旧址,Jishenglu Dianhua Fenju Site,没有排名,

汉口电灯公司旧址,,没有排名,

果虫滑车,,没有排名,

贝佳美儿童乐园,,没有排名,

日本东京建筑株式会社旧址,Riben Dongjing Jianzhu Zhushihuishe Site,没有排名,

古代陶瓷艺术,Gudaitaoci Art,没有排名,

谌安明昆虫馆,Chen Anming Inspect Kingdom,没有排名,

汉江江滩杨家河闸口,,没有排名,

中国建筑陶瓷博物馆(华中分馆),Zhongguo Jianzhu Taoci Museum (huazhongfenguan),没有排名,

汉江江滩崇仁路闸口,"Chongren Road Gate, Hankou Waterfront",没有排名,

啊哈儿童乐园,,没有排名,

悠悠开心乐园,,没有排名,

果芝塔,,没有排名,

菓芝塔,,没有排名,

石榴观赏园,Pomegranate Garden,没有排名,

米乐跳,,没有排名,

普提·金莲华,,没有排名,

基督教光谷教会,Jidu Jiaoguanggu Church,没有排名,

宁苑,,没有排名,

关圣殿,Guansheng Palace,没有排名,

游乐设施,,没有排名,

桂竹园,Guizhu Garden,没有排名,

洪山公园-宝通寺,Hong Shan Gongyuan-Baotong Temple,没有排名,

雨墨多肉植物园,Yumoduorou Botanical Garden,没有排名,

武汉光谷行政中心西侧公园,Wuhan Guanggu Xingzheng Zhongxin Xice Park,没有排名,

友唱,,没有排名,

维城翳療,,没有排名,

长江生态植物园,Changjiang Ecology Botanical Garden,没有排名,

长春观财神庙,God of Fortune Temple,没有排名,

湖北音乐博物馆,Hubeiyinyue Museum,没有排名,

小淘气儿童乐园,,没有排名,

小白游乐园,,没有排名,

何恐烈士就义遗址,Hekong Lieshi Jiuyi Ruins,没有排名,

刘家麒将军故居,Liujiaqi Jiangjun Former Residence,没有排名,

小博士儿童乐园,,没有排名,

成长乐园,,没有排名,

星期天宝贝哈哈乐园,,没有排名,

五贤路绿道公园,Wuxianlu Lvdao Park,没有排名,

蔡甸江滩,Caidian River Beach,没有排名,

玛可乐园,,没有排名,

爱乐游(武汉龙阳店),,没有排名,

胖胖堂儿童游乐园,,没有排名,

涂堃山公馆旧址,Tukunshan Residence Former Site,没有排名,

宝岛公园-综合亭,"Comprehensive Pavilion, Treasure Island Park",没有排名,

武汉市元宁公山清真寺,Wuhanshi Yuanninggong Mountain Mosque,没有排名,

小萌同学,,没有排名,

邓甲新城生活广场,Dengjiaxincheng Shenghuo Square,没有排名,

汉口火车站-南广场,,没有排名,

四季植物花园,Sijizhiwu Garden,没有排名,

毛泽东像,Statue of Mao Zedong,没有排名,

亲子类儿童双爪礼品机,,没有排名,

西苑公园,Xiyuan Park,没有排名,

蓝猫儿童乐园,,没有排名,

神龙园,Shenlong Garden,没有排名,

中国货币金融历史博物馆,Zhongguo Huobi Jinrong Lishi Museum,没有排名,

湖滨公园,Hubin Park,没有排名,

黄陂健康馆,Huangpi Health Center,没有排名,

禅艺斋,,没有排名,

淘气岛儿童乐园,,没有排名,

三佛阁遗址,Sanfuge Ruins,没有排名,

游乐设施,,没有排名,

小沐沐儿童乐园,,没有排名,

贝儿健儿童成长主题乐园,,没有排名,

侏儒山抗战纪念馆,Zhurushan Kangzhan Memorial Hall,没有排名,

北太子湖公园,Beitaizihu Park,没有排名,

风雄楚荆,,没有排名,

米奇游乐园,,没有排名,

雷震将军故里,Hometown of General Lei Zhen,没有排名,

木兰墓将军墓,Tomb of Mulan,没有排名,

铁盾书画艺术博物馆,Tiedunshuhua Art Museum,没有排名,

小星星游乐园,,没有排名,

跳跳糖儿童乐园,,没有排名,

菁华生态农场,Jinghua Ecology Farm,没有排名,

宝贝乐园,,没有排名,

茱萸林,Dogwood Forest,没有排名,

摩崖石刻,Cliff Carvings,没有排名,

楚国的君王,“The King of Chu” Scenic Spot,没有排名,

游乐设施店,,没有排名,

骑乐公园,Cannondale Qi Le Park,没有排名,

中国云锦石博物馆,Zhongguo Yunjinshi Museum,没有排名,

狩猎主题乐园武汉营销中心,,没有排名,

中山游乐园-虫虫追逐车,,没有排名,

武汉党史馆,,没有排名,

武胜宫,Wushenggong Temple,没有排名,

汉口国民政府外交部旧址,Hankou Guomin Zhengfu Waijiaobu Site,没有排名,

凯奇儿童乐园,,没有排名,

七彩螺,,没有排名,

华商赛马公会旧址,Huashang Saima Gonghui Site,没有排名,

长投海德公园,Zhangtouhaide Park,没有排名,

湖北共进会旧址,Hubei Gong Jin Hui Site,没有排名,

爱情墙,Love Wall,没有排名,

蔡甸佛教居士林,"Buddhist Lodge, Caidian District",没有排名,

三元寺二区,Second District of Sanyuan Temple,没有排名,

绿地中央广场二期,,没有排名,

能源植物区,Energy Plant Area,没有排名,

凯奇儿童乐园,,没有排名,

城市天空,,没有排名,

北伐独立团烈士陵园,Martyrs Cemetery of Northern Expedition Independent Regiment,没有排名,

酶法多肽博物馆,Meifaduotai Museum,没有排名,

伢伢乐园,,没有排名,

万联机械制造公司旧址,,没有排名,

光谷三路湿地公园,Guanggusanlu Wetland Park,没有排名,

武汉市巡司河风情公园,Wuhanshi Xunsihe Fengqing Park,没有排名,

星期六儿童乐园(海达广场店),,没有排名,

冒险家欢乐园,,没有排名,

朵朵开游乐场,,没有排名,

路济亚,Lucia Church,没有排名,

暖暖多肉植物园艺馆,Nuannuan Succulent Horticultural Botanical Garden,没有排名,

永胜状元培优新课堂,,没有排名,

龙华禅寺,Jiangxia Longhuachan Temple,没有排名,

武汉体育中心南广场,Wuhan Tiyu Zhongxin Nan Square,没有排名,

色彩公园,Secai Park,没有排名,

奇乐堡,,没有排名,

舵落口广场,Duoluokou Square,没有排名,

童乐汇游园天地,,没有排名,

紫阳街水陆社区文体广场,Ziyang Jie Shuilu Shequ Wenti Square,没有排名,

常青公园-盆景园,Bonsai Garden of Changqing Park,没有排名,

OPARK夜猫公园,Opark Yemao Park,没有排名,

火神殿,Palace of God of Fire,没有排名,

八叠山生命公园,Badieshan Shengming Park,没有排名,

万福银杏生态园,Wanfuyinxing Ecological Park,没有排名,

梅隐寺,Meiyin Temple,没有排名,

购物 人民广场,Gouwu Renmin Square,没有排名,

汉口西门子洋行旧址,Hankou Siemens Foreign Firm Former Site,没有排名,

魔法乐园儿童游乐中心,,没有排名,

武湖滨江公园,Chenjiaji Jiaoyou Park,没有排名,

锦隆美食花园,Jinlongmeishi Garden,没有排名,

金龙泉啤酒广场,Jinlongquan Pijiu Square,没有排名,

基督会烧烤,,没有排名,

美乐汇美食休闲广场,Meilehui Meishi Leisure Square,没有排名,

真耶稣教会,Zhenyesu Church,没有排名,

东西湖区码头潭公园二期,"Matoutan Park Phase II, Dongxihu District",没有排名,

武汉王家墩公园峡谷中心广场,Wuhan Wangjiadun Park Canyon Central Square （Southeast Gate）,没有排名,

寨山寺,Zhaishansi,没有排名,

科技企业孵化器博物馆,Science and Technology Business Incubator Museum,没有排名,

新世界广场,Xin World Square,没有排名,

八爹山生命公园,Badieshan Shengming Park,没有排名,

运铎公园,Yunduo Park,没有排名,

中华基督教信义大楼旧址,China Christian Lutheran Building Former Site,没有排名,

纱帽山遗址,Shamaoshan Relic Site,没有排名,

辛亥革命烈士公墓,Cemetery for Revolutionary Martyrs of 1911,没有排名,

紫荆寺,Zijingsi,没有排名,

八叠山生命公园,Shengming Park,没有排名,

日月坛文化广场,Riyuetan Culture Square,没有排名,

欢乐地带,,没有排名,

美联公园前,,没有排名,

东荆社区文体广场,Dongjing Shequ Wenti Square,没有排名,

大花岭中心休闲广场,Dahualing Center Leisure Square,没有排名,

华中师范大学武汉传媒学院后广场,Huazhong Shifan Daxue Wuhan Chuanmei Xueyuan Hou Square,没有排名,

开心亲子乐园,,没有排名,

悠悠开心乐园,,没有排名,

兴新街便民广场,Xingxinjie Bianmin Square,没有排名,

世纪广场,Shiji Square,没有排名,

火凤凰广场,Huofenghuang Square,没有排名,

白玉时光生命公园,Baiyu Shiguang Shengming Park,没有排名,

东方广场,Dongfang Square,没有排名,

万物至上宠物纪念馆,Wanwu Zhishang Chongwu Memorial Hall,没有排名,

杏林广场,Xinglin Square,没有排名,

快乐码头时尚休闲广场,Kuaile Matou Shishang Leisure Square,没有排名,

中心广场,Center Square,没有排名,

星期六儿童主题乐园,,没有排名,

武汉体育学院-奥星广场,Wuhan Sports University Aoxing Square,没有排名,

萌果儿童主题乐园,,没有排名,

绿林广场,Lulin Square,没有排名,

美好广场,Meihao Square,没有排名,

四棵松广场,Sikesong Square,没有排名,

绿州广场,Lvzhou Square,没有排名,

老吾老广场,Laowulao Square,没有排名,

游乐设施,,没有排名,

居士林念佛堂,"Buddha Recitation Hall, Buddhist Lodge",没有排名,

悠悠大巴儿童乐园,,没有排名,

府河郊野公园,Fuhejiaoye Park,没有排名,

堂逗,,没有排名,

湖滨游乐园,,没有排名,

西游记公园武汉分公司,,没有排名,

棋盘山,Qipan Mountain,没有排名,

“共产党人”主题公园,"""Communist"" theme park",没有排名,

season bar,season bar,没有排名,

开心贝儿,,没有排名,

寓乐家乐园,,没有排名,

武汉大学测绘学院-测量仪器陈列馆,Wuhan Daxue Cehui Xueyuan-Celiang Yiqi Exhibition Hall,没有排名,

胜利街155号旧址,"No.155, Shengli Street Former Site",没有排名,

叮叮当当主题乐园,,没有排名,

武汉市侏儒山战役博物馆,Wuhanshi Zhuru Shan Zhanyi Museum,没有排名,

开心宝贝儿童乐园,,没有排名,

游乐设施,,没有排名,

逸仙园,,没有排名,

武汉天人合一奇石博物馆,Wuhan Tianrenheyi Qishi Museum,没有排名,

七彩城堡儿童乐园,,没有排名,

卉植物园,Hui Botanical Garden,没有排名,

武汉快乐花卉植物园,Wuhan Kuaile Huahui Botanical Garden,没有排名,

周福堂故居,Zhoufutang Former Residence,没有排名,

沈家田惨案死难同胞纪念碑,Shenjiatian Can'an Sinan Tongbao Monument,没有排名,

童年时光儿童乐园,,没有排名,

乐淘多肉植物园,Letaoduorou Botanical Garden,没有排名,

蓝精灵游乐园,,没有排名,

绿泡泡儿童乐园,,没有排名,

王德树农民书法艺术博物馆,Wangdeshu Nongmin Shufa Art Museum,没有排名,

亲贝湾,,没有排名,

游乐设施,,没有排名,

大教堂,Da Church,没有排名,

疑海听涛,Yihai Tingtao Scenic Spot,没有排名,

中国老庄书画院,,没有排名,

基督教鸿恩堂,Christian Hong'en Church,没有排名,

游乐设施,,没有排名,

华商总会旧址,Huashangzonghui Site,没有排名,

博才兴天下教育解放公园校园中学部,,没有排名,

kld游乐园,,没有排名,

武汉大学王世杰塑像,,没有排名,

谜之物语密室逃脱俱乐部,,没有排名,

古郢州城垣遗址,Guyingzhou Chengyuan Ruins,没有排名,

生命公园,Shengming Park,没有排名,

开心贝儿,,没有排名,

友唱,,没有排名,

福音堂,Gospel Church,没有排名,

嘉德公园,Jiade Park,没有排名,

乐贝儿儿童乐园,,没有排名,

伢伢乐亲宝乐园,,没有排名,

钱学森纪念馆,Qianxuesen Memorial Hall,没有排名,

大姐儿童游乐园,,没有排名,

炫Ball百万宝贝欢乐季,,没有排名,

游乐设施区,,没有排名,

星期六儿童成长主题乐园,,没有排名,

武汉非遗博物馆,Wuhanfeiyi Museum,没有排名,

游戏机,,没有排名,

游乐设施,,没有排名,

胜利街325号旧址,Shengli Jie 325 Hao Site,没有排名,

沙湖公园-琴园,"Qinyuan Garden, Shahu Park",没有排名,

游乐设施,,没有排名,

游乐设施,,没有排名,

广益桥清真寺,Guangyiqiao Mosque,没有排名,

小帕克主题乐园,,没有排名,

洞山万寿禅寺,Dongshan Wanshouchan Temple,没有排名,

高龙博物馆,Gaolong Museum,没有排名,

梳妆台遗址,Shuzhuangtai Ruins,没有排名,

游乐设施,,没有排名,

游乐设施,,没有排名,

武汉大学-动植物标本馆,"Animal and Plant Herbarium, Wuhan University",没有排名,

特来电充电站（湖北古建筑博物馆）,,没有排名,

报恩殿,Gratitude Hall,没有排名,

三元中央公园,Sanyuanzhongyang Park,没有排名,

GY Happy Life,GY Happy Life,没有排名,

地藏佛殿,Ksitigarbha Palace,没有排名,

森卫野生动植物司法鉴定所,,没有排名,

金港横堤沙场,,没有排名,

多奇妙乐园(奥山世界城店),,没有排名,

三元·中央公园物业管理处,,没有排名,

都是先锋,,没有排名,

游乐设施区,,没有排名,

好童伴儿童乐园,,没有排名,

七彩金童儿童乐园,,没有排名,

游乐设施场,,没有排名,

鸟语花香生命公园,Niaoyuhuaxiang Shengming Park,没有排名,

武汉中部兰亭艺术博物馆,Wuhan Zhongbu Lanting Art Museum,没有排名,

MocaSoca儿童奇遇星球,,没有排名,

汉江江滩(硚口滩),"Baoshuyan Gate, Hanjiang River Beach",没有排名,

艾迪创客,,没有排名,

开心E佰儿童乐园,,没有排名,

吴天祥同志事迹陈列馆,Wutianxiang Tongzhi Shiji Exhibition Hall,没有排名,

狐狸先生的科学实验室,,没有排名,

武汉凡氏老相机博物馆,Wuhan Fanshi Laoxiangji Museum,没有排名,

照片博物馆,Zhaopian Museum,没有排名,

超级玩家,,没有排名,

湿地公园,Wetland Park,没有排名,

城隍庙,Town God's Temple,没有排名,

顶呱呱儿童乐园,,没有排名,

贝美嘉儿童乐园,,没有排名,

赛尔之城儿童公园,,没有排名,

米奥儿童乐园,,没有排名,

九龙宫纪念园,,没有排名,

卧佛庵,Sleeping Buddha Nunnery,没有排名,

竹安外架,,没有排名,

疯果盒子,,没有排名,

爱吾及屋,,没有排名,

从伊恺始,,没有排名,

世纪广场(艳阳天大厦南),Shiji Square (yanyangtiandashanan),没有排名,

姆灵宫,Muling Palace,没有排名,

三元艺术走廊,Sanyuan Art Corridor,没有排名,

渔趣,,没有排名,

沈家小院,Courtyard of Family Shen,没有排名,

民生美食广场,Minshengmeishi Square,没有排名,

武汉规划展示馆,Wuhan Planning Exhibition Hall,没有排名,

武汉翰墨艺术馆,WuHan HanMo YiShuGuan,没有排名,

武汉深鸿润国际文化科技城展示中心,ShenHongRun GuoJi WenHua KeJiCheng ZhanShi ZhongXin,没有排名,

盾创足球俱乐部,,没有排名,

爱迪生英语足球俱乐部,,没有排名,

光谷半岛亲青乐园,Guanggu Bandao Qinqing Amusement Park,没有排名,

逸夫图书馆,Yifu Library,没有排名,

东西湖区图书馆,,没有排名,

白暨豚馆,Lipotes Vexillifer House,没有排名,

鹦鹉洲汉阳桥梁主题公园,Yingwuzhou Hanyang Qiaoliang Theme Park,没有排名,

利宝美术馆,Libao Gallery,没有排名,

大武汉蔚蓝飞翔航空科技文化节,,没有排名,

武钢职工图书馆,,没有排名,

软件新城足球场,,没有排名,

老甲a足球俱乐部,,没有排名,

乐奇足球,,没有排名,

汉为足球场,,没有排名,

汉阳区图书馆,Wuhan Hanyang Library,没有排名,

田汉大剧院,Tianhan Grand Theater,没有排名,

武汉地质调查中心图书馆,,没有排名,

国际体育文化休闲园-足球公园,,没有排名,

华中科技大学图书馆,Huazhongkeji University Library (zhuxiaoqu),没有排名,

武纺邮政印务中心图书馆,,没有排名,

卓尔足球俱乐部,,没有排名,

江大足球场,,没有排名,

职高图书馆,,没有排名,

汉雅美术馆,Hanya Gallery,没有排名,

武汉理工大学房山区校区西院足球场,,没有排名,

有间书坊,,没有排名,

东院足球场,,没有排名,

武汉理工大学南湖体育跑道及足球场,,没有排名,

富士康足球场,,没有排名,

喜圆足球俱乐部,,没有排名,

丰尚灯光,,没有排名,

京韵小剧场,,没有排名,

雅达画廊,,没有排名,

徐古剧院,,没有排名,

霏霖画廊,,没有排名,

公共自行车图书馆站,,没有排名,

湖北省科学图书馆,Hubeisheng Kexue Library,没有排名,

武汉工商学院黄家湖校区-图书馆,Wuhan Gongshang Xueyuan Huangjiahu Xiaoqu- Library,没有排名,

信息传播职业技术学院-图书馆,Xinxi Chuanbo Zhiye Jishu Xueyuan- Library,没有排名,

湖北省税务学校图书馆,,没有排名,

洪山区图书馆,,没有排名,

陈一丹伉俪图书馆,,没有排名,

24小时自助图书馆,,没有排名,

武汉警官职业学校汤逊湖校区图书馆,Wuhan Jingguan Zhiye Xuexiao Tangxunhu Xiaoqu Library,没有排名,

山城图书馆,,没有排名,

小李村灯光足球场,,没有排名,

图书阅览室,,没有排名,

科学技术期刊编辑学会,,没有排名,

汉高表面技术处理有限公司,,没有排名,

旋风球场,,没有排名,

汉口商业博物馆,Hankoushangye Museum,没有排名,

沿江一号梦剧场,,没有排名,

足球场,,没有排名,

a204书吧,a204 Book Bar,没有排名,

湖北开放职业学院青王路校区-图书馆,,没有排名,

超宇测控技术有限公司,,没有排名,

不多堂艺术馆,Buduotang Art Museum,没有排名,

文体图书馆,,没有排名,

横渡长江博物馆,Hengdu Changjiang Museum,没有排名,

楚天行图书吧,,没有排名,

24小时自助图书馆,,没有排名,

24小时自助图书馆,,没有排名,

24小时自助图书馆(大全路),24 Xiaoshi Zizhu Library (daquanlu),没有排名,

24小时自助图书馆,,没有排名,

24小时自助图书馆,,没有排名,

24小时自助图书馆,,没有排名,

武汉工业职业技术学院-图书馆,Wuhan Gongye Zhiye Jishu Xueyuan- Library,没有排名,

新兰社区图书室,,没有排名,

艺歌小剧场,,没有排名,

海润园林资材,,没有排名,

聚成建科技术有限公司,,没有排名,

24小时自助图书馆,,没有排名,

珍稀植物园,Zhenxi Botanical Garden,没有排名,

T球吧(武汉天地店),,没有排名,

24小时自助图书馆,,没有排名,

东西湖区总工会职工阅览中心,,没有排名,

24小时自助图书馆,,没有排名,

24小时自助图书馆,,没有排名,

Change Life衣·杂店,,没有排名,

24小时自助图书馆,,没有排名,

武汉图书馆24小时自助图书馆,,没有排名,

24小时自助图书馆,,没有排名,

有成画廊,,没有排名,

ALIVE MUSEUM艺术馆,,没有排名,

华远精确液压技术有限公司,,没有排名,

嘉宝木艺根雕艺术馆,,没有排名,

汉韵苑根雕红木艺术馆,,没有排名,

卡帝乐鳄鱼,,没有排名,

木村画廊,,没有排名,

wisart艺术中心,,没有排名,

添蓝发动机排放控制技术有限公司,,没有排名,

24小时自助图书馆,,没有排名,

汇天下足球,,没有排名,

乐意多盆景园,,没有排名,

利新画廊,,没有排名,

逸风画廊,,没有排名,

莱特春晖测控技术有限公司,,没有排名,

新雅画廊(汉阳大街),,没有排名,

10号门足球,,没有排名,

大冶孔雀石艺术馆,,没有排名,

一席艺术空间,,没有排名,

七拍艺术,,没有排名,

植物网有限公司,,没有排名,

马上国际俱乐部,,没有排名,

江车盛欣和工业技术,,没有排名,

冒险家乐园,,没有排名,

启智成长迷宫,,没有排名,

康童游乐园,,没有排名,

新起点盛和,,没有排名,

小茶仙 锦绣龙城,,没有排名,

zytea闲吧,,没有排名,

武汉铁道书店,Wuhan Railway Bookstore,没有排名,

奥游拓展旅游开发有限公司,,没有排名,

九百书店,,没有排名,

足球音乐吧(江岸店),,没有排名,

iceason,iceason,没有排名,

汉韵苑根雕红木艺术馆(东门),,没有排名,

农场螃蟹养殖协会阅览室,,没有排名,

湖北教育学院中区图书馆,,没有排名,

学友公寓,,没有排名,

美婷公寓,,没有排名,

台南游戏,,没有排名,

大地画廊,,没有排名,

幸福之家宾馆,,没有排名,

小王子画室,,没有排名,

回家公寓,,没有排名,

踢球吧,,没有排名,

贝佳艺术馆(青山店),,没有排名,

自由呼吸白领会所,,没有排名,

再就业游戏机室,,没有排名,

米兰画廊,,没有排名,

精宜眼镜博物馆,,没有排名,

金色乐园康体游乐设备,,没有排名,

阳光慈善鲁广艺术馆,,没有排名,

马祖酒厂,,没有排名,

大革命烈士就义处,,没有排名,

大江画廊,,没有排名,

天乐游戏室,,没有排名,

新妮宝贝儿童游乐园,,没有排名,

源康画廊,,没有排名,

武汉医药产业园,,没有排名,

亚细亚画廊饰品,,没有排名,

电子游戏游乐,,没有排名,

友福堡城,,没有排名,

格雅画廊,,没有排名,

津城乐园,,没有排名,

月亮楼电子游乐中心,,没有排名,

烈火球城,,没有排名,

可爱堡游乐场,,没有排名,

叮铛小画家童画艺术馆,Dingdang Xiaohuajia Tonghua Art Museum,没有排名,

康辉竹叶山(三村门市部),,没有排名,

爱尚,,没有排名,

丽缘公寓,,没有排名,

童乐湾儿童乐园,,没有排名,

跋涉者户外运动,,没有排名,

贝比乐(钟家村店),,没有排名,

霹雳火游艺城,,没有排名,

城市猎人,,没有排名,

洪兴游戏机,,没有排名,

湖北易樂,,没有排名,

深德游乐设备,,没有排名,

山水佳人画廊,,没有排名,

北斗星游戏机室,,没有排名,

兰欣音画廊,,没有排名,

热带沸点,,没有排名,

禅笛软装艺术画廊,,没有排名,

贝乐贝乐油画馆,,没有排名,

荣石斋鸡血石艺术馆,,没有排名,

纱帽街科学技术协会科普中心,,没有排名,

真快活美乐园,,没有排名,

文澜阁,,没有排名,

青山图书馆,,没有排名,

糖果达令的艺想世界,,没有排名,

武汉普类文化产业开发有限公司,,没有排名,

超能宝贝儿童乐园,,没有排名,

阿迪达斯青少年足球训练营,,没有排名,

中国地质大学江城学院图书馆,China University of Geosciences Jiangcheng College Library,没有排名,

美旅网(沌口店),,没有排名,

吉木艺术馆,,没有排名,

真快活美乐园游艺中心(光谷天地店),,没有排名,

欢乐童年go游乐园,,没有排名,

晶玲玩国游乐园,,没有排名,

汤姆熊(大洋店),,没有排名,

完美婚庆艺术馆(江汉店),,没有排名,

畅晓轩画廊,,没有排名,

八二四文化创意传播,,没有排名,

纽曼全国联保,,没有排名,

新理念文化传播,,没有排名,

毛泽东故居,Maozedong Former Residence,没有排名,

湖北大学-地龙室内五人制足球俱乐部,,没有排名,

科技展览馆,Keji Exhibition hall,没有排名,

多罗满,,没有排名,

湖北书画院美术馆,Hubei Painting &amp; Calligraphy Academy Art Gallery,没有排名,

郭沫若故居,Guomoruo Former Residence,没有排名,

七方半斋,,没有排名,

武昌工学院足球场,,没有排名,

梦想家,,没有排名,

益合美术馆,Yihe Gallery,没有排名,

绿茵足球俱乐部,,没有排名,

isport青少年足球俱乐部,,没有排名,

一飞书画苑,,没有排名,

回印画廊艺术微喷,,没有排名,

小太阳早教龙城示范园,,没有排名,

名艺画苑文化艺术有限公司,,没有排名,

露啦露啦儿童乐园,,没有排名,

华中科技大学西操场,,没有排名,

中银正鑫,,没有排名,

波咯波咯童话国,,没有排名,

悠游乐绘本馆,,没有排名,

10号门足球装备专营店,,没有排名,

周苍柏纪念室,Zhou Cangbai Memorial Room,没有排名,

警察史博物馆,Museum of Hubei Police History,没有排名,

武汉图书馆24小时自助图书馆,Wuhan Library 24-hour Self-service Library,没有排名,

聚文斋书画装裱美术工作室,,没有排名,

扬子书画院,,没有排名,

沉水植物区,Submerged Plant Area,没有排名,

武汉市蔡甸区博物馆,Wuhanshi Caidianqu Museum,没有排名,

映悦少儿美术中心,,没有排名,

毛泽东像章博物馆,,没有排名,

海韵艺术中心,,没有排名,

24小时自助图书馆,,没有排名,

酒城国际文化博览中心,,没有排名,

青少年艺术馆,,没有排名,

3D魔幻盛典,,没有排名,

新村街二七社区档案室,,没有排名,

童梦乐园,,没有排名,

青少年宫田径足球场,,没有排名,

阳春阁书画院,,没有排名,

武汉市荆楚少儿图书馆,Wuhan Jingchu Children's Library,没有排名,

武石化影剧院,,没有排名,

纪念册设计定做,,没有排名,

南洋画廊,,没有排名,

城市主场灯光足球场(堤角公园店),,没有排名,

湖工大图书馆,,没有排名,

楚天画院,,没有排名,

华中师范大学文物馆,Huazhong Normal University Cultural Relic Hall,没有排名,

顺昌号楚园博物馆,Shunchanghao Chuyuan Museum,没有排名,

火车头足球场,,没有排名,

杨涛画廊,,没有排名,

武汉地铁科普馆,Wuhan Metro Science Museum,没有排名,

武汉普类文化产业开发有限公司,,没有排名,

沃乐园,,没有排名,

柔纺绣绘艺术馆(解放大道店),,没有排名,

扬楼子老榨坊博物馆,Hubei Huangpi Yanglouzi Laozhafang Museum,没有排名,

宏杰农业生态园,,没有排名,

湖北省足球技术学校,,没有排名,

象甫书画院,,没有排名,

交通职业技术学院图书馆,Hubei Vocational and Technical Institute of Communications Library,没有排名,

玉贤综合文化馆,,没有排名,

中国国学书画院(湖北分院),,没有排名,

少年儿童图书馆(联合村分馆),,没有排名,

侏儒街中刘村图书室,,没有排名,

点睛画廊,,没有排名,

长江日报·长江公益行动爱心图书室,,没有排名,

硚口区档案馆现行文件服务中心,,没有排名,

中国书画院,,没有排名,

湖北省信息院档案室,,没有排名,

新海豚现代童画馆,,没有排名,

武汉市城市建设档案馆,Wuhanshi Chengshi Jianshe Archives,没有排名,

财专图书馆,,没有排名,

测绘成果档案馆,,没有排名,

新洲区图书馆,Xinzhou Library,没有排名,

建国55周年建设和发展成就图片展,Jianguo 55 Anniversary Hubei Building and Development Effort Photo Show,没有排名,

中国当代艺术大家雷鸣东艺术馆,,没有排名,

雏鹰青少年足球俱乐部,,没有排名,

涂长望纪念馆,,没有排名,

硚口科学技术馆,,没有排名,

玉笋山人文生态园,,没有排名,

金湖湾科技生态园,,没有排名,

中国养蜂学会蜜蜂博物馆康思农蜜蜂文化馆,,没有排名,

杨河小学科技馆,Yanghe Elementary School Science &amp; Technology Museum,没有排名,

湖北省科技文献中心阅览室,,没有排名,

湖北地质博物馆,Hubei Geological Museum,没有排名,

归元正藏图书馆,,没有排名,

青春生态园,,没有排名,

当代艺术馆,The Museum of Modern Art,没有排名,

汉江湾体育公园,Hanjiangwan Tiyu Park,没有排名,

常绿针叶林,Evergreen Coniferous Forest,没有排名,

国营四七一公园,Guoying 471 Park,没有排名,

天兴洲大桥公园,Tianxinghu Bridge Park,没有排名,

石门峰名人文化公园,Shimenfeng Mingren Culture Park,没有排名,

武汉市园林科普公园,Wuhan Gardens Popularization of Science Park （West Gate）,没有排名,

楚望台遗址公园,Chuwangtai Heritage Park,没有排名,

旺山公园,Wang Mountain Park,没有排名,

纱帽公园,Shamao Park,没有排名,

喷泉公园,Fountain Park,没有排名,

南干渠游园,Nanganqu Park,没有排名,

硚口公园,Qiaokou Park,没有排名,

中南财经政法大学,Zhongnan University of Economics and Law(Nanhu Campus),没有排名,

中国武钢博物馆,China Wisco Museum,没有排名,

中国地质大学江城学院继续教育学院,Zhongguo Dizhi Daxue Jiangcheng Xueyuan Jixu Jiaoyu College,没有排名,

武汉长江大桥建成纪念碑,Wuhan Changjiang Daqiao Jiancheng Monument,没有排名,

武汉音乐学院,WuHan YinYue Jie,没有排名,

武汉理工大学（马房山校区）,Wuhanligong University,没有排名,

武汉科技大学城市学院,Wuhan Keji Daxue Chengshi College,没有排名,

武汉经贸大学,Wuhanjingmao University,没有排名,

武汉工程大学流芳校区,Liufang Campus Of Wuhan Institute Of Technology,没有排名,

武汉港,Port of Wuhan,没有排名,

武汉电视塔,Wuhan TV Tower,没有排名,

武汉大学资源与环境科学学院,Wuhan University School of Resource and Environmental Science,没有排名,

武汉大学信息学部,Wuhan University Xinxi Xuebu （North Gate）,没有排名,

武汉大学图书馆信息科学分馆,Wuhan University Information Technology Library,没有排名,

武汉大学-图书馆,Wuhan University - Library,没有排名,

武汉大学生命科学学院,Wuhan Daxue Shengmingke College,没有排名,

武汉大学工学部,Wuhan University Gongxuebu （West Gate）,没有排名,

武汉大学东湖分校(东大门),"Donghu College, Wuhan University （East Gate）",没有排名,

吴家花园,Wujia Garden,没有排名,

恐龙化石博物馆,Konglonghuashi Museum,没有排名,

江城壹号创意园,Jiangcheng No. 1 Cultural and Creative Park,没有排名,

湖北省经济管理干部学院南湖校区,Hubei Institute of Economic Management Nanhu Campus （East Gate）,没有排名,

湖北经济学院继续教育学院武昌校区,,没有排名,

汉口近代建筑群,Hankou Modern Buildings,没有排名,

东湖南路水生所,,没有排名,

北洋桥,Beiyang No.2 Bridge,没有排名,

巨龙大道名流人和天地,Mingliu Renhe Tiandi,没有排名,

李家集镇,Lijiajizhen,没有排名,

淡水生态与生物技术国家重点实验室,,没有排名,

红巷旅游码头,Hongxiang Tourist Wharf,没有排名,

汉口日清洋行大楼,"Riqing Foreign Firm Building, Hankou",没有排名,

搁笔亭,Gebi Pavilion,没有排名,

天行洲,Tianxing Sandbar,没有排名,

六一纪念亭,June 1 Massacre Memorial Pavilion,没有排名,

九曲黄河墙,Nine Curved Yellow River Wall,没有排名,

螃蟹甲,"Pangxiejia, Wuhan",没有排名,

汤逊湖,Tangxun Lake,没有排名,

南岸嘴,Nan’anzui Corner,没有排名,

云旅游客厅,Hubei Cloud Tourism Parlor,96,

湖北省电力博物馆,Hubei Electric Power Museum （West Gate）,173,

木兰花谷,Mulan Flower Valley,274,

蓝色果香生态农业有限公司,,278,

南湖幸福湾水上公园,Nanhu Xingfuwan Park,280,

石门峰纪念公园,Shimenfeng Mingren Park,281,

菱角湖公园,Lingjiaohu Park,282,

海马公园,The Haima Park,283,

北湖公园,Beihu Park,284,

5.5创意产业园,5.5 Creative Industry Park,286,

王家墩公园,Wangjiadun Park,287,

公园社区,Park Community,289,

保利公园九里,,109,

江汉桥,Jianghan Bridge,291,

凤娃古寨旅游风景区,Fengwa Stockaded Village Scenic Area,99,

张公山寨李庄民俗文化博物馆,Zhanggong Shan Zhai Lizhuang Minsu Culture Museum,292,

花博园,Flower Expo Park,63,

硚口旅游码头,Qiaokou Tourist Wharf,295,

喜鹊湖花海-向日葵园,"Sunflower Garden, Magpie Lake Flower Sea",296,

九真桃源,Jiuzhen Mountain Peach Colony,171,

花海乐园,Flower Sea Paradise,299,

冰雪奇园,,170,

沙雕文化公园,Shadiao Culture Park,300,

遇见北欧错觉艺术馆武汉站,Meeting North Europe Illusion Art Gallery - Wuhan,307,

洪山宝塔,Hongshan Pagoda,308,

界立方创意空间,Bounded Cubic Creative Space,310,

武汉钻石艺术博物馆,Diamond Art Museum,311,

百年银杏大道,Centennial Ginkgo Avenue,312,

水生生物博物馆,Shuisheng Shengwu Museum,315,

汉口美国领事馆旧址,Hankou Meiguo Lingshiguan Site,168,

临江大道,Linjiang Avenue,316,

十八栋,Eighteen Building,167,

梅园露天电影,,305,

瑞典教区旧址,Ruidianjiaoqu Site,105,

昙华林徐源泉公馆,"Xu Yuanquan Mansion, Tanhualin",317,

朴园,Puyuan Garden,318,

月湖风景区,Yuehu Residential District,320,

坤厚里,Kunhouli,321,

一元路,Yiyuan Road,322,

洗马长街,Ximachang Street,323,

白求恩纪念馆,Wuhan Norman Bethune Memorial Hall,324,

西大街,West Street,166,

显正街,Xianzheng Street,326,

Yujia Mountain,Yujia Mountain,327,

南望山,Nanwang Mountain,328,

向警予烈士陵园,Xiang Jingyu Martyrs Cemetery,329,

湖北大学,Hubei University,332,

基督教武昌堂,Wuhan Christianity Church Wuchang Church,333,

博学中学教堂,Boxuezhongxue Church,334,

显正街天主堂,Hanyang Xianzheng Street Tianzhutang (North Gate),335,

上海路天主教堂,Hankou Shanghai Road Tianzhutang,95,

圣米迦勒堂,St Michael's Church,336,

救世堂,Salvation Church,338,

东湖桂花园,Donghugui Garden,341,

清河桥,Qinghe Bridge,343,

雁洲索桥,Yanzhou Cable Bridge,344,

赵氏花园,Zhao's Garden,345,

鹊桥相会,,346,

凌霄阁,Lingxiao Pavilion,347,

亚洲棋院,,349,

东湖小梅岭,The Plum BLossom Hall of East Lake,350,

猴山,Houshan,351,

松鸽坪,Songgeping,352,

晓塘春色,Spring Dawn over the Pond,165,

芦洲古渡,Luzhou Gudu,353,

东湖杜鹃园,East Lake Rhododendron Garden,355,

沉湖芦花汇,"Reed Flower Field, Chenhu Lake",356,

光谷天地,Guanggu World,47,

农讲所旧址纪念馆,Nongjiangsuo Site Memorial Hall,84,

武汉中华奇石馆,WuHan ZhongHua QiShiGuan,369,

武昌廉政文化公园,Wuchanglianzheng Culture Park,371,

宝岛公园,Baodao Park (East Gate),372,

关山荷兰风情园,Guanshan Park in Holland Style,42,

泥河水库,Nihe Reservoir,374,

月湖桥,Yuehu Bridge,68,

红色战士公墓,Red Soldier Cemetery,377,

素山寺森林公园,Sushansi Forest Park,379,

自然之谜遗址,,382,"1999年6月底的一个夜晚，这里一片郁郁葱葱的树林却遭遇了一场莫名的劫难，700余株大树或被连根拔起,或被拦腰截断,为这风景迷人的旅游胜地蒙上了一层神秘的面纱。"

刘备郊天坛,,163,刘备郊天坛位于武汉东湖风景区磨山景区东一峰，三面环水，风景优美。

南国哲思园,Southern Philosophy Garden,383,

楚才园,Chucai Garden,384,

楚城城门,,385,楚城城门位于东湖生态旅游风景区磨山景区楚文化游览区内，是东湖磨山楚文化游览区的入口，设计古朴，气势恢宏。

千帆亭,Qianfan Pavilion,386,

桂花林,,388,“十里磨山，八里飘香”的东湖磨山，一直是广大市民赏桂的绝佳去处。漫步桂花园中，桂香扑鼻，游客能体会花海香涛的烂漫情怀。

梅文化中心,,389,东湖梅园是中国梅花研究中心所在地，东湖梅园建立了至今世界上规模最大、品种最全的梅花品种资源圃。

杜鹃园,,390,杜鹃花展期间，将首次呈现出“珍品杜鹃齐争妍，漫山春花红艳艳”的花海盛景。

东湖荷园,Lotus Garden of East Lake,391,

鹅池,,393,禽中豪杰，白如雪，洁如玉。

紫竹苑,,394,位于蛇山南坡，在黄鹤楼东南 176 米，东毗诗碑曲廊，西临跨鹤亭。史书记载此地多紫竹，旧名“紫竹岭”。紫竹苑为传统的四合院结构，占地面积 1410 平方米，黑瓦白墙，具有明、清建筑风格。

《崔颢题诗图》浮雕,,395,崔颢题诗图浮雕集诗、书、画、刻四绝于一体，堪称艺术珍品

岳飞铜像,,396,位于黄鹤楼东景区，在黄鹤楼以东 612 米处，与石牌坊群毗邻。铜雕高 8 米，它表现的是岳飞扶鞍勒马、不忍举首北望破碎山河的忧愤神态。铜雕旁边矗立一方岳飞手迹“还我河山”石刻。

千年吉祥钟,,161,明朝永乐大钟以后我国铸造的最大铜钟

黄鹤归来铜雕,Bronze Statue of Returning Yellow Crane,398,

武汉盘龙城,,400,盘龙城地处武汉北郊黄陂县盘龙湖畔。盘龙湖将其三面环抱，因此得名盘龙城。

汉阳树,Hanyang Tree,115,

观鸟栈道,Bird Watching Plank Road,401,

阅马场,Cavalry Training Arena,159,

报恩寺,Bao'enchan Temple,402,

楚文化馆,Chu Culture Center,403,

台湾银行(汉口分行旧址),,406,台湾银行汉口分行旧址位于武汉市江汉区江汉路21号，建成于1915年，中国建筑师庄俊设计，汉协盛营造厂施工，建筑面积3000平方米，属古典主义风格。

谭鑫培公园,Tanxinpei Park,407,

洪山广场,Hongshan Square,408,华中地区最大的城市广场，市民休闲娱乐的好去处。

汉口中共中央宣传部旧址,Hankou Zhonggongzhongyang Xuanchuanbu Site,409,

南湖,,158,位于武昌西南部，是武汉市仅次于东湖和汤逊湖的第三大城中湖，北临东湖、沙湖，南临汤逊湖、黄家湖，水域面积763.96公顷。南湖周边有5所大学（华中农业大学、湖北工业大学、中南民族大学、武汉理工大学、中南财经政法大学）。

嵩阳公园,,410,嵩阳公园位于蔡甸区索河镇，距武汉市中心30公里，由龙霓山、天王山、六神山等构成一条长约20公里与索子长河平行展开的绿色画廊，湖光山色相映成趣。

木兰三台山风景区,Mulan Santai Mountain Scenic Area,412,

抱膝亭,,413,抱膝亭位于三顾堂前面约100米处。诸葛亮在隆中时常抱膝长吟，后将其常坐之石称为“抱膝石”。清康熙五十八年（公元1719年）赵宏恩在此处修抱膝亭。现在的抱膝亭是光绪十四至十九年（公元1888—1893年）程文炳重修的。

禹稷行宫,Yuji Xinggong,414,

晴川桥,,415,晴川桥位于硚口区，它以一条弧形曲线跨越汉江，犹如一道天空的彩虹，为江城武汉又添一道新景观。

花乡茶谷旅游景区,Huaxiang Chagu Lvyou Dujia Sceneic Area,157,

汉阳莲花湖公园,Hanyang Lianhuahu Park (North Gate),416,

汉阳公园,Hanyang Park (South Gate),417,

后官湖湿地公园,Houguanhu Wetland Park,418,

月湖公园,,419,武汉月湖公园位于武汉市汉阳区月湖畔。月湖因古代却月城而得名，明成化年间，汉水改道，其主流经龟山北部汇入长江后留下月湖。

谦森岛庄园,,421,

烟浪亭,,156,烟浪亭位于武汉东湖风景区磨山景区东一峰山脚下，东湖清河桥桥头，是观赏东湖波浪的最佳观赏地之一。

中华古文化游览园,,422,

紫阳公园,Ziyang Park,423,

洪山公园游泳馆,,425,

汉口东正教堂,Alexander Nevsky Russian Orthodox Church,426,

东湖封都山游泳池,,427,

校鱼寺,,428,

琴台公园,Qintai Park,430,

临江公园,Linjiang Park (South Gate),433,

古门山,,434,

柴埠溪国家森林公园,,436,

卡通尼,,392,

吴主禅寺,,438,

昙华林汉秀馆,,440,

杨正古铁佛寺,,441,

小星空儿童乐园,,473,

七彩花海公园,Qicaihuahai Park,451,

景秀大地葡萄庄园,,452,

码头潭文化遗址公园,Matoutan Culture Ruins Park en: Matoutan Culture Ruins Park,456,

友谊园,,459,

华中工学院建校纪念碑,,460,

海德堡,,38,

青果庄园,,463,

野湖,,467,

张毕湖,,468,

月牙湖,,469,

杜公湖,,470,

晒湖,,471,

青菱湖,,472,

严东湖,,473,

徐旨乾公馆,,475,

文华大学文学院旧址,,479,

光谷多莫大教堂,Guanggu Duomo Cathedral,56,

曾卓故居,,483,

淘乐堡儿童乐园,,484,淘乐堡儿童乐园，专为孩子们打造的快乐天地，园内设有淘气堡游乐区和趣味沙池区，让孩子在游戏中动手动脑，运动四肢，满足孩子各种娱乐需求，让孩子从不同的角度了解世界；娱乐同时还能活跃思维，启发智力，提升孩子的协调能力。园区内经过严格消毒…

中和彩色植物生态园,Wuhan Zhonghe Colour Botany Ecological Garden,487,

梦泽湖公园,,488,

人口文化园,,489,

西商赛马俱乐部旧址,,491,

徐荣廷故居,,495,

胜像宝塔,,496,

磨崖石刻,,497,摩崖石刻与烟浪亭位于武汉东湖磨山景区东一峰，是最佳观赏地之一。

摩天塔,,154,

毛泽东词亭,,153,

罗汉堂,,498,

华俄道胜银行旧址,,499,

汉口民国日报社旧址,,67,

革命烈士纪念碑,,501,

保安洋行旧址,,502,

半山荷园,Mid-Level Lotus Garden,503,

观音堂,,504,

首义碑林,,507,

日本领事馆旧址,,510,

德国工部巡捕房旧址,,512,

萧耀南公馆,,514,

咸安坊,,515,

唐生智公馆,,516,

万尧芳公馆,,517,

季凡诺夫公馆,Tivanov Mansion,518,

凯奇儿童乐园,,589,

周苍柏公馆,Zhou Cangbai Mansion,520,

会龙古寺,,522,

普济禅寺,,523,

肖家庙,,524,

盘龙城生态园,Panlongcheng Ecological Garden,525,

魏家塆观音堂,,526,

吴光浩烈士旧居,,527,

玉皇阁,,528,

木兰将军寺,,529,

白庙,,530,

夏家寺,,531,

药王宫,,532,

五星庙,,533,

第一庙,,534,

竹林寺风景区,,535,

柴泊湖休闲广场,,536,

古佛寺,,537,

姜家庙,,539,

通禅湖景区,,540,

古河禅寺,,541,

蒋家古庙,,542,

高峰寺,,543,

明王寺,,544,

杨裴庙,,545,

龙华寺,,546,

显灵观,,151,

将军山森林公园,,547,

白云寺,,548,

报祖寺,,549,

清凉寺,,550,

回龙寺,,551,

如来寺,,552,

广法禅寺,,553,

金银湖生态旅游区,,554,

武汉国际风景公园,,555,

武汉国际风情园,,556,

七彩植物园,Wuhan Colorful Botanical Garden,557,

景德寺,,558,

百事可乐休闲广场,,559,

万科广场,,560,

纱帽江滩公园,,561,

东岳庙,,562,

镇龙禅寺,,563,

香炉山遗址,,564,

基督教恩惠堂,,565,

藏龙岛,,75,

明王墓群,,567,

当代运动公园,,568,

新世纪公园,Jiangxia New Century Park,569,

九峰花园,,570,

基督教曙光堂,,150,

太极广场,,571,

青菱寺,,572,

辛亥革命纪念园,Xinhai Revolution Memorial Park,574,

红色广场,,575,

琴台绿化广场,,576,

基督教堂,,149,

竺台寺,,578,

柳林公园,,579,

中共史第五次全国代表大会开幕式会址,,582,

昭君广场,,583,

黄鹄山庄,,584,

宁波会馆旧址,,147,

百步亭生育文化园,,585,

许志伟塑像,,586,

田桐墓,,588,

石瑛旧居,Shiying Former Residence,589,

涨渡湖抗日根据地纪念碑,,591,

周庄村,,93,

戴家湖公园,,593,

小军山,,594,

万婴墓,,595,

中央信托局汉口分局旧址,,600,

翁守谦故居,,601,

嘉诺撒仁爱修女会礼拜堂,,602,

武昌蛇山烈士祠,,605,

四明银行旧址,,606,

鲁兹暨史沫特莱旧居,,145,

半侧山,,144,

乃园遗址,,607,

东湖楚风园,"Chu Style Garden, East Lake",608,

张公堤城市森林公园,,609,

圣约瑟学堂旧址,,610,

伏虎山烈士陵园,,611,

抱冰堂,Baobingtang,613,

江岸清真寺,,143,

硚口民族工业博物馆,Qiaokou National Industry Museum,614,

新区公园,Xinqu Park,615,

巴登城,,616,

东湖生态园,,617,东湖生态园野战基地旨在通过浓厚军事色彩的系列主题训练和游戏竞技，在给参与者带来游戏快乐和竞技挑战的同时，历练超人意志品质，打造精英战斗团队。

绿野山庄,,618,

钻石文化私人艺术博物馆,,620,

花园山天主堂,Garden Hill Catholic Church,622,

起义街清真寺,,142,

高氏医院旧址,,141,

大智门车站旧址,,623,

水乡旅游城,,624,

守敬书院文化旅游,,625,

柴泊湖旅游风景区,,629,

报恩寺,,630,

竹叶海公园,Zhuyehai Park,631,

熊廷弼公园,Xiong Tingbi Park （Northeast Gate）,633,

西郊公园,Xijiao Park,634,

梦湖公园,Menghu Park （West Gate）,636,

矶头山公园,Jitou Mountain Park,637,

华润·张之洞纪念公园,CRC Central Park （South Gate）,140,

大孚银行旧址,,639,

棲隐寺,,640,

小南湖公园,Xiaonanhu Park,642,

感恩堂,,643,

陈友谅墓,,645,

太渔山,,647,

设法山,,648,

龙阳湖,Longyanghu,650,

黄家湖,,651,

盘龙城遗址-文物陈列室,Panlong City Site,654,

凤凰山,,655,

中央军事政治学校旧址,,656,

杨柳堤江滩公园,Yangliudi Jiangtan Park,658,

汤湖公园,Tanghu Park,659,

白玉公园,Baiyu Park,661,

堤角公园,Dijiao Park （Southwest Gate）,662,

二七纪念馆,,663,

四美塘公园,Simeitang Park （East Gate）,665,

醉美西湖观光游乐园,Zui Mei Xihu Guanguang Amusement Park,667,

湖北美术学院美术馆,Hubeimeishu College Gallery,668,

琴台钢琴博物馆,Qintai Piano Museum,669,

东湖猴岛,Monkey Island on the East Lake,673,

武汉恒河生态园,,674,庄园在“唯美、浪漫、闲适”的主题下，将文化创意与现代农业相结合，种植了普罗旺斯薰衣草，此外还有柳叶马鞭草，波斯菊，硫花菊，金鸡菊，满天星，向日葵，蔷薇等数十种花卉。

武汉人民艺术剧院“1001·戏剧沙龙”,,675,武汉人民艺术剧院是一个有着50多年历史的老剧院，自成立以来共上演不同古今中外不同形式、不同风格的剧目300余部，沙龙含话剧剧场、儿童剧场、D5空间、亲子剧场、COFFEE沙龙和画廊六个部分，并以最齐全的现代化剧场设施和最贴心细致的优质服务，努…

蔡甸消泗油菜花,Caidian Xiaosi Rapeseed Garden,676,

湖北洪山体育馆,,139,体育馆可举行篮球、排球、室内五人制足球、体操、乒乓球、羽毛球、拳击、摔跤、武术等各类室内比赛项目。洪山体育馆是湖北省及武汉市举办各种重大体育赛事、大型文艺演出、商贸活动以及各类政治集会、庆典活动的主要场所。

江夏薰香悦花卉世界,Jiangxiaxun Xiangyue Huahui World,677,

沿江大道,,138,沿江大道(武汉）是汉口沿长江一条全长10.46公里的交通干道，西南起长江、汉水交汇处的大兴路，向东北直到六合沟省石油仓库。

常青公园,Changqing Park,680,

卓刀泉寺,,683,郁郁葱葱的桂子山和巍峨的伏虎山，被卓刀泉路隔离开来，两两相望。

西北湖绿化广场,Xibeihu Afforestation Square,684,

萤火虫主题公园,Yinghuochong Theme Park,136,

荣光堂,Wuhan Christian Church Rongguang Church (West Gate),135,

武汉龙华寺,Longhua Temple in Wuhan,686,

首义公园,Shouyi Culture Park,98,

铁门关,Iron Gate Pass,687,

烈士祠,,688,

昙华林历史文化陈列馆,,134,

后襄河公园,Houxianghe Park,689,

洪山体育馆,,690,洪山广场的主要标志性建筑。

宋庆龄汉口旧居纪念馆,Song Qingling's former residence in HanKou,59,

灵泉寺,,692,灵泉寺位于湖北省武汉市江夏区梁子湖畔之龙泉山，风景秀美，[1] 乃建寺安僧之宝地，也是度假旅游的圣地，是武汉乃至华中地区历史悠久的寺庙之一。

华中师范大学武汉传媒学院,,693,华中师范大学武汉传媒学院是经国家教育部批准设立的全日制普通本科高等学校，是中南地区唯一的传媒类本科高校

和平公园,,694,分为中心广场区、西部游憩区、东部文体活动区及北部安静游憩区。

昙华林古街邮局,,695,很小资的一家邮局，店里架子上摆的全是出售的明信片，很多都是武汉风情，这里可以待寄明信片，2元一张。

湖北省图书馆,Hubei Library New Hall,697,

东湖牡丹园,East Lake Peony Garden,686,

财宝天王殿,,100,财宝天王殿，供奉了四大天王和弥勒佛，天王殿是徽式建筑。

白云阁,,53,

宝铜顶,,698,​宝铜顶 即清同治黄鹤楼楼顶。

北顾亭,,700,"位于石景园中的北顾亭,是一座与少年木兰息息相关的地方。"

江夏室内滑雪场,,8,该室内滑雪场位于江夏大道与规划拟建的武汉四环线交叉处，设有雪上飞碟道、冰雪城堡、儿童戏雪乐园、冰雪酒吧、冰滑梯、冰上碰碰车等冰雪娱乐项目。

武汉花世界,Wuhan Flower World,701,

中山公园,Zhongshan Park,702,承载着老武汉人的记忆，武汉市民休闲娱乐的好去处。

鑫农湖荷花湿地公园,Xinnonghu Hehua Wetland Park,704,

