https://travel.qunar.com/p-oi713665-huanghelou,https://travel.qunar.com/p-oi704925-wuhandaxue,https://travel.qunar.com/p-oi7468753-wuhanhaichangjidihaiyang,https://travel.qunar.com/p-oi710994-wuhanzhangjiangdaqiao,https://travel.qunar.com/p-oi705643-hubeishengbowuguan,https://travel.qunar.com/p-oi702836-donghumoshanjingqu,https://travel.qunar.com/p-oi5740265-tanhualin,https://travel.qunar.com/p-oi710327-mulantianchi,https://travel.qunar.com/p-oi9140067-wuhanyuanboyuan,https://travel.qunar.com/p-oi708225-mulancaoyuan
https://travel.qunar.com/p-oi709333-jianghanlubuxingjie,https://travel.qunar.com/p-oi10011946-hubuxiang,https://travel.qunar.com/p-oi709677-wuhandonghuhaiyangshi,https://travel.qunar.com/p-oi702578-donghu,https://travel.qunar.com/p-oi7468768-wuhandushafurenlaxiang,https://travel.qunar.com/p-oi707567-wuhanzhiwuyuan,https://travel.qunar.com/p-oi8676139-hankoujiangtan,https://travel.qunar.com/p-oi721948-donghuyinghuayuan,https://travel.qunar.com/p-oi705112-xinhaigemingwuchangqi,https://travel.qunar.com/p-oi702056-gudesi
https://travel.qunar.com/p-oi7468751-jinligou,https://travel.qunar.com/p-oi713945-guiyuanshansi,https://travel.qunar.com/p-oi703395-qingchuange,https://travel.qunar.com/p-oi3637150-shijiecheng_guanggubu,https://travel.qunar.com/p-oi702360-mulanyunwushan,https://travel.qunar.com/p-oi718465-donghumeiyuan,https://travel.qunar.com/p-oi701579-guqintai,https://travel.qunar.com/p-oi706795-mulanqingliangzhai,https://travel.qunar.com/p-oi7482124-xinhaigemingbowuguan,https://travel.qunar.com/p-oi5740201-lihuangpolu
https://travel.qunar.com/p-oi7482199-hanyangzaoyishuqu,https://travel.qunar.com/p-oi9481296-motianta,https://travel.qunar.com/p-oi712500-jiufengguojiasenlingong,https://travel.qunar.com/p-oi9481330-chuhehanjie,https://travel.qunar.com/p-oi722592-wuhanbowuguan,https://travel.qunar.com/p-oi711254-guishanfengjingqu,https://travel.qunar.com/p-oi701770-wuhandongwuyuan,https://travel.qunar.com/p-oi7647310-ziweidoushitianyuan,https://travel.qunar.com/p-oi715856-mulanshan,https://travel.qunar.com/p-oi713306-jianghanguanbowuguan
https://travel.qunar.com/p-oi7525615-dayuwan,https://travel.qunar.com/p-oi7482112-zhongshangongyuan,https://travel.qunar.com/p-oi7482156-hubeimeishuguan,https://travel.qunar.com/p-oi9839799-huabohui,https://travel.qunar.com/p-oi705955-zhanggongshanzhai,https://travel.qunar.com/p-oi7644989-mulanmeiguiyuan,https://travel.qunar.com/p-oi7468750-zhangchunguan,https://travel.qunar.com/p-oi717782-donghuluoyanjingqu,https://travel.qunar.com/p-oi7482203-shouyiguangchang,https://travel.qunar.com/p-oi7526110-jiuzhenshanfengjingqu
https://travel.qunar.com/p-oi707785-hanzhengjie,https://travel.qunar.com/p-oi706762-huazhongkejidaxue,https://travel.qunar.com/p-oi7588759-dayushenhuayuan,https://travel.qunar.com/p-oi710938-zhongguodizhidaxueyifu,https://travel.qunar.com/p-oi711010-mulangumen,https://travel.qunar.com/p-oi10031979-wuchanghongxiangmatou,https://travel.qunar.com/p-oi7588664-dongxihuyujinxiangzhu,https://travel.qunar.com/p-oi9502353-hankouli,https://travel.qunar.com/p-oi7525656-wuhanhuashijie,https://travel.qunar.com/p-oi10094952-fangaoxingkongyishuguan
https://travel.qunar.com/p-oi9155697-wuhankejiguan,https://travel.qunar.com/p-oi9676286-maanshansenlingongyuan,https://travel.qunar.com/p-oi10071486-mulanhuaxiang,https://travel.qunar.com/p-oi9505196-houguanhushidigongyuan,https://travel.qunar.com/p-oi720688-chutiantai,https://travel.qunar.com/p-oi703458-baiyundong,https://travel.qunar.com/p-oi9205492-donghutingtaojingqu,https://travel.qunar.com/p-oi8668102-tiemenguan,https://travel.qunar.com/p-oi708818-hongshangongyuan,https://travel.qunar.com/p-oi709278-baotongshansi
https://travel.qunar.com/p-oi710609-maozedongtongzhijiuju,https://travel.qunar.com/p-oi7646264-huazhongshifandaxue,https://travel.qunar.com/p-oi7645058-donghumudanyuan,https://travel.qunar.com/p-oi708644-luojiashan,https://travel.qunar.com/p-oi708737-wuhanguominzhengfujiu,https://travel.qunar.com/p-oi7643507-zhongnanminzudaxue,https://travel.qunar.com/p-oi9209231-jiefanggongyuan,https://travel.qunar.com/p-oi9481184-xinhaigemingjinianyuan,https://travel.qunar.com/p-oi710373-qiyimen,https://travel.qunar.com/p-oi7642126-huazhongnongyedaxue
https://travel.qunar.com/p-oi7468758-wuhangemingbowuguan,https://travel.qunar.com/p-oi9207232-qintaigangqinbowuguan,https://travel.qunar.com/p-oi10073390-fengwaguzhailu:youfeng,https://travel.qunar.com/p-oi7482189-zhongguodizhidaxue,https://travel.qunar.com/p-oi8456653-songqinglinghankoujiu,https://travel.qunar.com/p-oi9205107-heianqicheng__menghuan,https://travel.qunar.com/p-oi8604684-yaojiashanfengjingqu,https://travel.qunar.com/p-oi706197-zhuodaoquan,https://travel.qunar.com/p-oi7526103-shiliuhongcun,https://travel.qunar.com/p-oi23351993-yecungujingqu
https://travel.qunar.com/p-oi7645284-hubeishengtushuguan,https://travel.qunar.com/p-oi9192444-caidianxiaosiyoucaihua,https://travel.qunar.com/p-oi10031977-hankouyuehanmatou,https://travel.qunar.com/p-oi8667079-tanhualinlishiwenhuachen,https://travel.qunar.com/p-oi9203051-donghuhoudao,https://travel.qunar.com/p-oi9481273-donghunanlulingbomen,https://travel.qunar.com/p-oi22681009-mulanshuizhen,https://travel.qunar.com/p-oi713160-zhongshanjianbowuguan,https://travel.qunar.com/p-oi7588371-zhongshandadao,https://travel.qunar.com/p-oi10012123-jiqingjie
