景点中文名,景点英文名,排名,简述
黄鹤楼,Yellow Crane Tower,1,武汉的城市地标之一，登上楼顶远眺，武汉三镇和长江尽收眼底。
武汉大学,Wuhan University,3,初春时节的浪漫樱花，还有众多中西合璧的老建筑。
武汉海昌极地海洋公园,Wuhan Haichang Polar Ocean World,1,观赏企鹅、北极熊等极地动物，还有海豚、海狮的精彩表演。
武汉长江大桥,Wuhan Yangtze River Bridge,4,武汉的地标性建筑，充满了厚实的俄式风格。
湖北省博物馆,Hubei Provincial Museum,9,聆听战国编钟的美妙古乐，观赏镇馆之宝，了解中国古代南方文明。
东湖磨山景区,Moshan Hill,41,赏樱花的好地方，游人不多，但花的品种和规模远超过武汉大学。
昙华林,Tan Hualin,2,文青们扎堆的地方，有很多百年老建筑和洋溢着文艺范的小店。
木兰天池,Mulan Tianchi,23,花木兰的外婆家，避暑休闲的好地方，坐游船，玩滑草，吃农家菜。
武汉园博园（武汉自然博物馆）,Wuhan Garden Expo Park,28,不用出武汉，就能游遍全国各地园林风光。
木兰草原,Mulan Grassland,26,在草原上骑马射箭，观赏蒙古歌舞，夜晚还有蒙古包前的篝火晚会。
江汉路步行街,Jianghan Road Pedestrian Street,16,繁华的百年商业街，十几幢近代建筑。
户部巷,Hubu Lane,5,这里有武汉的各种美食小吃，热干面、糊汤粉、豆皮、鸭脖子等
武汉东湖海洋世界,Wuhan East Lake Ocean World,19,漫步海底隧道，和水母、海龟、鲨鱼等上千种海洋生物打招呼，亲子游好去处。
东湖,East Lake,7,湖边漫步，林中游山，赏花观鸟，是市民休闲踏青的好去处。
武汉杜莎夫人蜡像馆,Madame Tussauds Wax Museum Wuhan,5,源于英国的蜡像馆，蜡像造型逼真，可以与范冰冰、刘亦菲、李娜等各界名人“亲密合影”。
武汉植物园,Wuhan Botanical Garden,34,园中草木茂盛，四季花展不断，还有日式、欧式和中式等各类园林。
汉口江滩,Hankou Riverbank,33,吹江风，观赏十几幢不同风格的百年老建筑。
东湖樱花园,East Lake Cherry Blossom Garden,175,武汉赏樱好去处，每年3-4月花期东湖樱花节期间十分热闹。
辛亥革命武昌起义纪念馆,The Museum of Wuchang Uprising of 1911 Revolution,20,这里是中国两千年帝制的终点，武昌起义后军政府的所在地。
古德寺,Gude Temple,13,拥有四面佛的寺庙，充满异域风情的圆通宝殿值得一看。
锦里沟,Jinligou,52,尽情呼吸“天然氧吧”的清新空气，领略浓郁的土家风情。
归元禅寺,Guiyuan Temple,14,平日求平安，可去罗汉堂数数罗汉，看看时运。
晴川阁,Qingchuan Pavilion,12,濒临长江，登上楼顶，遥看武汉三镇和长江对岸的黄鹤楼。
世界城-光谷步行街,World City - Valley of Light Pedestrian Street,15,人气超旺的商业街，时尚的欧式建筑群，众多的购物和餐饮场所。
木兰云雾山,Mulan Yunwu Mountain,21,武汉人气郊野公园，每年3-5月漫山遍野杜鹃花盛放，是春游踏青的好地方。
东湖梅园,East Lake Plum blossom Garden,18,
古琴台,Guqintai,73,古琴曲《高山流水》的发源地，“三楚胜境”之一，小巧精致。
木兰清凉寨,Mulan Qingliang Village,209,春赏花，夏观瀑，秋踩叶，冬踏雪，一年四季空气清新。
辛亥革命博物馆,Xinhai Revolution Museum,39,了解辛亥革命的历史，学习革命先辈的精神。
黎黄陂路,Lihuangpi Road,10,
汉阳造艺术区,Hanyangzao Art District,131,工厂改建的创意园区，洋溢着旧工业时代的气息。
摩天塔,,154,
九峰国家森林公园,Jiufeng National Forest Park,202,
楚河汉街,Chuhehan Street,480,武汉新城市地标，游逛现代版“清明上河图”。
武汉博物馆,Wuhan Museum,66,藏品丰富，种类繁多，在这里了解武汉数千年的历史发展。
龟山风景区,Guishan Park,62,
武汉动物园,Wuhan Zoo,50,动物园内绿树成荫，环境优雅，是亲自休闲的好去处。
紫薇都市田园,Crape Mytle Garden,696,
木兰山,Mt. Mulan Scenic Resort,49,花木兰的故里，市民避暑的后花园，秋季的庙会很是热闹。
江汉关博物馆,Hankow Custom House Museum,43,近百年的建筑，是武汉市的地标之一，它的建成标志着汉口的开埠。
大余湾,Dayu Bay,261,
中山公园,Zhongshan Park,702,承载着老武汉人的记忆，武汉市民休闲娱乐的好去处。
湖北美术馆,Hubei Museum of Art,193,美术爱好者的天堂，看展才是正经事。
花博汇,Huabohui,164,
张公山寨,Zhanggong Shanzhai,240,
木兰玫瑰园,Mulan Rose Garden,692,
长春观,Changchun Guan,190,名字来源于“长春子”丘处机道长的道号。
东湖落雁景区,Donghu Luoyan Scenic Area,184,
首义广场,Shouyi Square,90,
九真山风景区,Jiuzhen Mountain Scenic Area,102,
汉正街,Hanzheng Street,6,历史上的汉口商业中心，未来的国际金融服务中心。
华中科技大学,Huazhong Science and Technology University,121,校园内树木茂盛，还能秋季赏红叶，处处都散发着青春的气息。
大禹神话园,Dayu Shenhua Park,182,
中国地质大学逸夫博物馆,China University of Geosciences Museum,225,
木兰古门,Mulan Ancient Gate,235,
武昌红巷码头,Wuchang Hongxiang Tourism Wharf,304,
东西湖郁金香主题公园,Dongxihu Tulip Theme Park,699,
汉口里,Hankouli,27,
武汉花世界,Wuhan Flower World,701,
梵高星空艺术馆,Van Gogh Star Art Gallery,37,
武汉科技馆,Wuhan Science and Technology Museum,678,亲身参与各种模拟体验项目，带孩子来感受新科技乐趣，开拓视野。
马鞍山森林公园,Ma'anshan Forest Park,160,
木兰花乡,Magnolia Flower Village,293,
后官湖湿地公园,Houguanhu Wetland Park,418,
楚天台,Chutiantai Building,180,
白云洞,Baiyun Cave,61,
东湖听涛景区,Tingtao Scenic Area,671,
铁门关,Iron Gate Pass,687,
洪山公园,Hongshan Park,176,
宝通禅寺,Baotong Temple,97,
毛泽东同志旧居,Mao Zedong's Former Residence (Wu Han),25,参观伟人在武汉居住过的地方，追寻伟人的足迹。
华中师范大学,Huazhong Normal University,51,
东湖牡丹园,East Lake Peony Garden,686,
珞珈山,Luojia Mountain,44,
武汉国民政府旧址,The Former Site of the Wuhan National Government,35,曾经作为武汉国民政府的办公地点，历史意义深刻。
中南民族大学,Zhongnanminzu University,71,
解放公园,Jiefang Park,666,
辛亥革命纪念园,Xinhai Revolution Memorial Park,574,
起义门,Uprising Gate,85,
华中农业大学,,189,中国武汉著名的七校联合办学高校之一
武汉革命博物馆,Wuhan Revolution Museum,76,
琴台钢琴博物馆,Qintai Piano Museum,669,
凤娃古寨旅游风景区,Fengwa Stockaded Village Scenic Area,99,
中国地质大学,Zhongguodizhi University,207,
宋庆龄汉口旧居纪念馆,Song Qingling's former residence in HanKou,59,
黑暗骑乘--梦幻长江,,672,长江文明馆力图展现最全面的长江流域文化，将当代最时兴的黑暗骑乘体验项目纳入规划中择名为《梦幻长江》，项目主人翁“淇淇”形象取自于生活在长江的可爱江豚。整个游览项目将由淇淇一家带领观众穿梭长江之景，体验长江之美。
姚家山风景区,Yaojia Mountain Scenic Spot,691,
卓刀泉,Zhuodao Spring,187,
石榴红村,Shiliuhong Village,91,
野村谷景区,Nomura Valley parent child Park,没有排名,
湖北省图书馆,Hubei Library New Hall,697,
蔡甸消泗油菜花,Caidian Xiaosi Rapeseed Garden,676,
汉口粤汉码头,Hankou Yuehan Wharf,305,
昙华林历史文化陈列馆,,134,
东湖猴岛,Monkey Island on the East Lake,673,
东湖南路凌波门,"Lingbo Gate, Donghu South Road",152,
木兰水镇,Mulan Watertown,没有排名,
中山舰博物馆,Zhongshan Warship Museum,124,
中山大道,Zhongshan Avenue,103,
吉庆街,Jiqing Street,60,知名的夜宵排挡街，有很多民间艺人在这里表演，满满的武汉特色。
